[19May2025 21:03:31.975] [main/INFO] [cpw.mods.modlauncher.Launcher/MODLAUNCHER]: ModLauncher running: args [--launchTarget, forgeserver, --fml.forgeVersion, 43.4.2, --fml.mcVersion, 1.19.2, --fml.forgeGroup, net.minecraftforge, --fml.mcpVersion, 20220805.130853, nogui]
[19May2025 21:03:31.998] [main/INFO] [cpw.mods.modlauncher.Launcher/MODLAUNCHER]: ModLauncher 10.0.8+10.0.8+main.0ef7e830 starting: java version 17.0.14 by Ubuntu; OS Linux arch amd64 version 6.8.0-1027-azure
[19May2025 21:03:32.047] [main/DEBUG] [cpw.mods.modlauncher.LaunchServiceHandler/MODLAUNCHER]: Found launch services [fmlclientdev,forgeclient,minecraft,forgegametestserverdev,fmlserveruserdev,fmlclient,fmldatauserdev,forgeserverdev,forgeserveruserdev,forgeclientdev,forgeclientuserdev,forgeserver,forgedatadev,fmlserver,fmlclientuserdev,fmlserverdev,forgedatauserdev,testharness,forgegametestserveruserdev]
[19May2025 21:03:32.079] [main/DEBUG] [cpw.mods.modlauncher.NameMappingServiceHandler/MODLAUNCHER]: Found naming services : [srgtomcp]
[19May2025 21:03:32.102] [main/DEBUG] [cpw.mods.modlauncher.LaunchPluginHandler/MODLAUNCHER]: Found launch plugins: [mixin,eventbus,slf4jfixer,object_holder_definalize,runtime_enum_extender,capability_token_subclass,accesstransformer,runtimedistcleaner]
[19May2025 21:03:32.123] [main/DEBUG] [cpw.mods.modlauncher.TransformationServicesHandler/MODLAUNCHER]: Discovering transformation services
[19May2025 21:03:32.376] [main/DEBUG] [cpw.mods.modlauncher.TransformationServicesHandler/MODLAUNCHER]: Found additional transformation services from discovery services: [/workspaces/Travestis-al-ataque/servidor_minecraft/mods/OptiFine_1.19.2_HD_U_I2.jar]
[19May2025 21:03:32.552] [main/DEBUG] [cpw.mods.modlauncher.TransformationServicesHandler/MODLAUNCHER]: Found transformer services : [mixin,OptiFine,fml]
[19May2025 21:03:32.552] [main/DEBUG] [cpw.mods.modlauncher.TransformationServicesHandler/MODLAUNCHER]: Transformation services loading
[19May2025 21:03:32.557] [main/DEBUG] [cpw.mods.modlauncher.TransformationServiceDecorator/MODLAUNCHER]: Loading service mixin
[19May2025 21:03:32.557] [main/DEBUG] [cpw.mods.modlauncher.TransformationServiceDecorator/MODLAUNCHER]: Loaded service mixin
[19May2025 21:03:32.558] [main/DEBUG] [cpw.mods.modlauncher.TransformationServiceDecorator/MODLAUNCHER]: Loading service OptiFine
[19May2025 21:03:32.558] [main/INFO] [optifine.OptiFineTransformationService/]: OptiFineTransformationService.onLoad
[19May2025 21:03:32.559] [main/INFO] [optifine.OptiFineTransformationService/]: OptiFine ZIP file URL: union:/workspaces/Travestis-al-ataque/servidor_minecraft/mods/OptiFine_1.19.2_HD_U_I2.jar%23101!/
[19May2025 21:03:32.585] [main/INFO] [optifine.OptiFineTransformationService/]: OptiFine ZIP file: /workspaces/Travestis-al-ataque/servidor_minecraft/mods/OptiFine_1.19.2_HD_U_I2.jar
[19May2025 21:03:32.590] [main/INFO] [optifine.OptiFineTransformer/]: Target.PRE_CLASS is available
[19May2025 21:03:32.629] [main/DEBUG] [cpw.mods.modlauncher.TransformationServiceDecorator/MODLAUNCHER]: Loaded service OptiFine
[19May2025 21:03:32.640] [main/DEBUG] [cpw.mods.modlauncher.TransformationServiceDecorator/MODLAUNCHER]: Loading service fml
[19May2025 21:03:32.652] [main/DEBUG] [net.minecraftforge.fml.loading.LauncherVersion/CORE]: Found FMLLauncher version 1.0
[19May2025 21:03:32.652] [main/DEBUG] [net.minecraftforge.fml.loading.FMLLoader/CORE]: FML 1.0 loading
[19May2025 21:03:32.653] [main/DEBUG] [net.minecraftforge.fml.loading.FMLLoader/CORE]: FML found ModLauncher version : 10.0.8+10.0.8+main.0ef7e830
[19May2025 21:03:32.653] [main/DEBUG] [net.minecraftforge.fml.loading.FMLLoader/CORE]: FML found AccessTransformer version : 8.0.4+66+master.c09db6d7
[19May2025 21:03:32.654] [main/DEBUG] [net.minecraftforge.fml.loading.FMLLoader/CORE]: FML found EventBus version : 6.0.3+6.0.3+master.039e4ea9
[19May2025 21:03:32.654] [main/DEBUG] [net.minecraftforge.fml.loading.FMLLoader/CORE]: Found Runtime Dist Cleaner
[19May2025 21:03:32.657] [main/DEBUG] [net.minecraftforge.fml.loading.FMLLoader/CORE]: FML found CoreMod version : 5.0.1+15+master.dc5a2922
[19May2025 21:03:32.658] [main/DEBUG] [net.minecraftforge.fml.loading.FMLLoader/CORE]: Found ForgeSPI package implementation version 6.0.0+6.0.0+master.42474703
[19May2025 21:03:32.658] [main/DEBUG] [net.minecraftforge.fml.loading.FMLLoader/CORE]: Found ForgeSPI package specification 5
[19May2025 21:03:32.664] [main/DEBUG] [cpw.mods.modlauncher.TransformationServiceDecorator/MODLAUNCHER]: Loaded service fml
[19May2025 21:03:32.666] [main/DEBUG] [cpw.mods.modlauncher.TransformationServicesHandler/MODLAUNCHER]: Configuring option handling for services
[19May2025 21:03:32.692] [main/DEBUG] [cpw.mods.modlauncher.TransformationServicesHandler/MODLAUNCHER]: Transformation services initializing
[19May2025 21:03:32.693] [main/DEBUG] [cpw.mods.modlauncher.TransformationServiceDecorator/MODLAUNCHER]: Initializing transformation service mixin
[19May2025 21:03:32.742] [main/DEBUG] [mixin/]: MixinService [ModLauncher] was successfully booted in cpw.mods.cl.ModuleClassLoader@27a8c74e
[19May2025 21:03:32.923] [main/INFO] [mixin/]: SpongePowered MIXIN Subsystem Version=0.8.5 Source=union:/workspaces/Travestis-al-ataque/servidor_minecraft/libraries/org/spongepowered/mixin/0.8.5/mixin-0.8.5.jar%2363!/ Service=ModLauncher Env=SERVER
[19May2025 21:03:32.929] [main/DEBUG] [mixin/]: Initialising Mixin Platform Manager
[19May2025 21:03:32.929] [main/DEBUG] [mixin/]: Adding mixin platform agents for container ModLauncher Root Container(ModLauncher:4f56a0a2)
[19May2025 21:03:32.931] [main/DEBUG] [mixin/]: Instancing new MixinPlatformAgentMinecraftForge for ModLauncher Root Container(ModLauncher:4f56a0a2)
[19May2025 21:03:32.937] [main/DEBUG] [mixin/]: MixinPlatformAgentMinecraftForge rejected container ModLauncher Root Container(ModLauncher:4f56a0a2)
[19May2025 21:03:32.939] [main/DEBUG] [mixin/]: Instancing new MixinPlatformAgentDefault for ModLauncher Root Container(ModLauncher:4f56a0a2)
[19May2025 21:03:32.940] [main/DEBUG] [mixin/]: MixinPlatformAgentDefault accepted container ModLauncher Root Container(ModLauncher:4f56a0a2)
[19May2025 21:03:32.947] [main/DEBUG] [cpw.mods.modlauncher.TransformationServiceDecorator/MODLAUNCHER]: Initialized transformation service mixin
[19May2025 21:03:32.949] [main/DEBUG] [cpw.mods.modlauncher.TransformationServiceDecorator/MODLAUNCHER]: Initializing transformation service OptiFine
[19May2025 21:03:32.950] [main/INFO] [optifine.OptiFineTransformationService/]: OptiFineTransformationService.initialize
[19May2025 21:03:32.951] [main/DEBUG] [cpw.mods.modlauncher.TransformationServiceDecorator/MODLAUNCHER]: Initialized transformation service OptiFine
[19May2025 21:03:32.951] [main/DEBUG] [cpw.mods.modlauncher.TransformationServiceDecorator/MODLAUNCHER]: Initializing transformation service fml
[19May2025 21:03:32.951] [main/DEBUG] [net.minecraftforge.fml.loading.FMLServiceProvider/CORE]: Setting up basic FML game directories
[19May2025 21:03:32.953] [main/DEBUG] [net.minecraftforge.fml.loading.FileUtils/CORE]: Found existing GAMEDIR directory : /workspaces/Travestis-al-ataque/servidor_minecraft
[19May2025 21:03:32.954] [main/DEBUG] [net.minecraftforge.fml.loading.FMLPaths/CORE]: Path GAMEDIR is /workspaces/Travestis-al-ataque/servidor_minecraft
[19May2025 21:03:32.954] [main/DEBUG] [net.minecraftforge.fml.loading.FileUtils/CORE]: Found existing MODSDIR directory : /workspaces/Travestis-al-ataque/servidor_minecraft/mods
[19May2025 21:03:32.954] [main/DEBUG] [net.minecraftforge.fml.loading.FMLPaths/CORE]: Path MODSDIR is /workspaces/Travestis-al-ataque/servidor_minecraft/mods
[19May2025 21:03:32.955] [main/DEBUG] [net.minecraftforge.fml.loading.FileUtils/CORE]: Found existing CONFIGDIR directory : /workspaces/Travestis-al-ataque/servidor_minecraft/config
[19May2025 21:03:32.956] [main/DEBUG] [net.minecraftforge.fml.loading.FMLPaths/CORE]: Path CONFIGDIR is /workspaces/Travestis-al-ataque/servidor_minecraft/config
[19May2025 21:03:32.956] [main/DEBUG] [net.minecraftforge.fml.loading.FMLPaths/CORE]: Path FMLCONFIG is /workspaces/Travestis-al-ataque/servidor_minecraft/config/fml.toml
[19May2025 21:03:32.956] [main/DEBUG] [net.minecraftforge.fml.loading.FMLServiceProvider/CORE]: Loading configuration
[19May2025 21:03:33.067] [main/DEBUG] [net.minecraftforge.fml.loading.FileUtils/CORE]: Found existing default config directory directory : /workspaces/Travestis-al-ataque/servidor_minecraft/defaultconfigs
[19May2025 21:03:33.068] [main/DEBUG] [net.minecraftforge.fml.loading.FMLServiceProvider/CORE]: Preparing ModFile
[19May2025 21:03:33.076] [main/DEBUG] [net.minecraftforge.fml.loading.FMLServiceProvider/CORE]: Preparing launch handler
[19May2025 21:03:33.078] [main/DEBUG] [net.minecraftforge.fml.loading.FMLLoader/CORE]: Using forgeserver as launch service
[19May2025 21:03:33.148] [main/DEBUG] [net.minecraftforge.fml.loading.FMLLoader/CORE]: Received command line version data  : VersionInfo[forgeVersion=43.4.2, mcVersion=1.19.2, mcpVersion=20220805.130853, forgeGroup=net.minecraftforge]
[19May2025 21:03:33.155] [main/DEBUG] [cpw.mods.modlauncher.TransformationServiceDecorator/MODLAUNCHER]: Initialized transformation service fml
[19May2025 21:03:33.156] [main/DEBUG] [cpw.mods.modlauncher.NameMappingServiceHandler/MODLAUNCHER]: Current naming domain is 'srg'
[19May2025 21:03:33.158] [main/DEBUG] [cpw.mods.modlauncher.NameMappingServiceHandler/MODLAUNCHER]: Identified name mapping providers {}
[19May2025 21:03:33.158] [main/DEBUG] [cpw.mods.modlauncher.TransformationServicesHandler/MODLAUNCHER]: Transformation services begin scanning
[19May2025 21:03:33.159] [main/DEBUG] [cpw.mods.modlauncher.TransformationServiceDecorator/MODLAUNCHER]: Beginning scan trigger - transformation service mixin
[19May2025 21:03:33.159] [main/DEBUG] [cpw.mods.modlauncher.TransformationServiceDecorator/MODLAUNCHER]: End scan trigger - transformation service mixin
[19May2025 21:03:33.159] [main/DEBUG] [cpw.mods.modlauncher.TransformationServiceDecorator/MODLAUNCHER]: Beginning scan trigger - transformation service OptiFine
[19May2025 21:03:33.160] [main/DEBUG] [cpw.mods.modlauncher.TransformationServiceDecorator/MODLAUNCHER]: End scan trigger - transformation service OptiFine
[19May2025 21:03:33.161] [main/DEBUG] [cpw.mods.modlauncher.TransformationServiceDecorator/MODLAUNCHER]: Beginning scan trigger - transformation service fml
[19May2025 21:03:33.161] [main/DEBUG] [net.minecraftforge.fml.loading.FMLServiceProvider/CORE]: Initiating mod scan
[19May2025 21:03:33.189] [main/DEBUG] [net.minecraftforge.fml.loading.moddiscovery.ModListHandler/CORE]: Found mod coordinates from lists: []
[19May2025 21:03:33.197] [main/DEBUG] [net.minecraftforge.fml.loading.moddiscovery.ModDiscoverer/CORE]: Found Mod Locators : (mods folder:null),(maven libs:null),(exploded directory:null),(minecraft:null),(userdev classpath:null)
[19May2025 21:03:33.198] [main/DEBUG] [net.minecraftforge.fml.loading.moddiscovery.ModDiscoverer/CORE]: Found Dependency Locators : (JarInJar:null)
[19May2025 21:03:33.213] [main/DEBUG] [net.minecraftforge.fml.loading.moddiscovery.ModFileParser/LOADING]: Considering mod file candidate /workspaces/Travestis-al-ataque/servidor_minecraft/mods/geckolib-forge-1.19-3.1.40.jar
[19May2025 21:03:33.302] [main/DEBUG] [net.minecraftforge.fml.loading.moddiscovery.ModFileInfo/LOADING]: Found valid mod file geckolib-forge-1.19-3.1.40.jar with {geckolib3} mods - versions {3.1.40}
[19May2025 21:03:33.303] [main/DEBUG] [net.minecraftforge.fml.loading.moddiscovery.ModFileParser/LOADING]: Considering mod file candidate /workspaces/Travestis-al-ataque/servidor_minecraft/mods/Mimicer v4 2.0.jar
[19May2025 21:03:33.306] [main/DEBUG] [net.minecraftforge.fml.loading.moddiscovery.ModFileInfo/LOADING]: Found valid mod file Mimicer v4 2.0.jar with {mimicer} mods - versions {1.7.0}
[19May2025 21:03:34.288] [main/DEBUG] [net.minecraftforge.fml.loading.moddiscovery.ModFileInfo/LOADING]: Found valid mod file server-1.19.2-20220805.130853-srg.jar with {minecraft} mods - versions {1.19.2}
[19May2025 21:03:34.330] [main/DEBUG] [net.minecraftforge.fml.loading.moddiscovery.ModFileParser/LOADING]: Considering mod file candidate /workspaces/Travestis-al-ataque/servidor_minecraft/libraries/net/minecraftforge/fmlcore/1.19.2-43.4.2/fmlcore-1.19.2-43.4.2.jar
[19May2025 21:03:34.331] [main/WARN] [net.minecraftforge.fml.loading.moddiscovery.ModFileParser/LOADING]: Mod file /workspaces/Travestis-al-ataque/servidor_minecraft/libraries/net/minecraftforge/fmlcore/1.19.2-43.4.2/fmlcore-1.19.2-43.4.2.jar is missing mods.toml file
[19May2025 21:03:34.333] [main/DEBUG] [net.minecraftforge.fml.loading.moddiscovery.ModFileParser/LOADING]: Considering mod file candidate /workspaces/Travestis-al-ataque/servidor_minecraft/libraries/net/minecraftforge/javafmllanguage/1.19.2-43.4.2/javafmllanguage-1.19.2-43.4.2.jar
[19May2025 21:03:34.333] [main/WARN] [net.minecraftforge.fml.loading.moddiscovery.ModFileParser/LOADING]: Mod file /workspaces/Travestis-al-ataque/servidor_minecraft/libraries/net/minecraftforge/javafmllanguage/1.19.2-43.4.2/javafmllanguage-1.19.2-43.4.2.jar is missing mods.toml file
[19May2025 21:03:34.336] [main/DEBUG] [net.minecraftforge.fml.loading.moddiscovery.ModFileParser/LOADING]: Considering mod file candidate /workspaces/Travestis-al-ataque/servidor_minecraft/libraries/net/minecraftforge/lowcodelanguage/1.19.2-43.4.2/lowcodelanguage-1.19.2-43.4.2.jar
[19May2025 21:03:34.337] [main/WARN] [net.minecraftforge.fml.loading.moddiscovery.ModFileParser/LOADING]: Mod file /workspaces/Travestis-al-ataque/servidor_minecraft/libraries/net/minecraftforge/lowcodelanguage/1.19.2-43.4.2/lowcodelanguage-1.19.2-43.4.2.jar is missing mods.toml file
[19May2025 21:03:34.341] [main/DEBUG] [net.minecraftforge.fml.loading.moddiscovery.ModFileParser/LOADING]: Considering mod file candidate /workspaces/Travestis-al-ataque/servidor_minecraft/libraries/net/minecraftforge/mclanguage/1.19.2-43.4.2/mclanguage-1.19.2-43.4.2.jar
[19May2025 21:03:34.341] [main/WARN] [net.minecraftforge.fml.loading.moddiscovery.ModFileParser/LOADING]: Mod file /workspaces/Travestis-al-ataque/servidor_minecraft/libraries/net/minecraftforge/mclanguage/1.19.2-43.4.2/mclanguage-1.19.2-43.4.2.jar is missing mods.toml file
[19May2025 21:03:34.567] [main/DEBUG] [net.minecraftforge.fml.loading.moddiscovery.ModFileParser/LOADING]: Considering mod file candidate /workspaces/Travestis-al-ataque/servidor_minecraft/libraries/net/minecraftforge/forge/1.19.2-43.4.2/forge-1.19.2-43.4.2-universal.jar
[19May2025 21:03:34.569] [main/DEBUG] [net.minecraftforge.fml.loading.moddiscovery.ModFileInfo/LOADING]: Found valid mod file forge-1.19.2-43.4.2-universal.jar with {forge} mods - versions {43.4.2}
[19May2025 21:03:34.591] [main/DEBUG] [net.minecraftforge.fml.loading.moddiscovery.AbstractJarFileDependencyLocator/]: Failed to load resource META-INF/jarjar/metadata.json from server-1.19.2-20220805.130853-srg.jar, it does not contain dependency information.
[19May2025 21:03:34.592] [main/DEBUG] [net.minecraftforge.fml.loading.moddiscovery.AbstractJarFileDependencyLocator/]: Failed to load resource META-INF/jarjar/metadata.json from forge-1.19.2-43.4.2-universal.jar, it does not contain dependency information.
[19May2025 21:03:34.592] [main/DEBUG] [net.minecraftforge.fml.loading.moddiscovery.AbstractJarFileDependencyLocator/]: Failed to load resource META-INF/jarjar/metadata.json from geckolib-forge-1.19-3.1.40.jar, it does not contain dependency information.
[19May2025 21:03:34.592] [main/DEBUG] [net.minecraftforge.fml.loading.moddiscovery.AbstractJarFileDependencyLocator/]: Failed to load resource META-INF/jarjar/metadata.json from Mimicer v4 2.0.jar, it does not contain dependency information.
[19May2025 21:03:34.592] [main/DEBUG] [net.minecraftforge.fml.loading.moddiscovery.AbstractJarFileDependencyLocator/]: Failed to load resource META-INF/jarjar/metadata.json from mclanguage-1.19.2-43.4.2.jar, it does not contain dependency information.
[19May2025 21:03:34.592] [main/DEBUG] [net.minecraftforge.fml.loading.moddiscovery.AbstractJarFileDependencyLocator/]: Failed to load resource META-INF/jarjar/metadata.json from javafmllanguage-1.19.2-43.4.2.jar, it does not contain dependency information.
[19May2025 21:03:34.592] [main/DEBUG] [net.minecraftforge.fml.loading.moddiscovery.AbstractJarFileDependencyLocator/]: Failed to load resource META-INF/jarjar/metadata.json from fmlcore-1.19.2-43.4.2.jar, it does not contain dependency information.
[19May2025 21:03:34.592] [main/DEBUG] [net.minecraftforge.fml.loading.moddiscovery.AbstractJarFileDependencyLocator/]: Failed to load resource META-INF/jarjar/metadata.json from lowcodelanguage-1.19.2-43.4.2.jar, it does not contain dependency information.
[19May2025 21:03:34.663] [main/INFO] [net.minecraftforge.fml.loading.moddiscovery.JarInJarDependencyLocator/]: No dependencies to load found. Skipping!
[19May2025 21:03:34.692] [main/DEBUG] [net.minecraftforge.fml.loading.moddiscovery.ModFileInfo/LOADING]: Found valid mod file server-1.19.2-20220805.130853-srg.jar with {minecraft} mods - versions {1.19.2}
[19May2025 21:03:34.701] [main/DEBUG] [net.minecraftforge.fml.loading.moddiscovery.ModFile/LOADING]: Loading mod file /workspaces/Travestis-al-ataque/servidor_minecraft/libraries/net/minecraft/server/1.19.2-20220805.130853/server-1.19.2-20220805.130853-srg.jar with languages [LanguageSpec[languageName=minecraft, acceptedVersions=1]]
[19May2025 21:03:34.702] [main/DEBUG] [net.minecraftforge.fml.loading.moddiscovery.ModFileParser/LOADING]: Considering mod file candidate /workspaces/Travestis-al-ataque/servidor_minecraft/libraries/net/minecraftforge/forge/1.19.2-43.4.2/forge-1.19.2-43.4.2-universal.jar
[19May2025 21:03:34.703] [main/DEBUG] [net.minecraftforge.fml.loading.moddiscovery.ModFileInfo/LOADING]: Found valid mod file forge-1.19.2-43.4.2-universal.jar with {forge} mods - versions {43.4.2}
[19May2025 21:03:34.703] [main/DEBUG] [net.minecraftforge.fml.loading.moddiscovery.ModFile/LOADING]: Loading mod file /workspaces/Travestis-al-ataque/servidor_minecraft/libraries/net/minecraftforge/forge/1.19.2-43.4.2/forge-1.19.2-43.4.2-universal.jar with languages [LanguageSpec[languageName=javafml, acceptedVersions=[24,]]]
[19May2025 21:03:34.955] [main/DEBUG] [net.minecraftforge.fml.loading.moddiscovery.ModFileParser/LOADING]: Found coremod field_to_method with Javascript path coremods/field_to_method.js
[19May2025 21:03:34.957] [main/DEBUG] [net.minecraftforge.fml.loading.moddiscovery.ModFileParser/LOADING]: Found coremod field_to_instanceof with Javascript path coremods/field_to_instanceof.js
[19May2025 21:03:34.959] [main/DEBUG] [net.minecraftforge.fml.loading.moddiscovery.ModFileParser/LOADING]: Found coremod add_bouncer_method with Javascript path coremods/add_bouncer_method.js
[19May2025 21:03:34.959] [main/DEBUG] [net.minecraftforge.fml.loading.moddiscovery.ModFile/LOADING]: Found coremod coremods/field_to_method.js
[19May2025 21:03:34.959] [main/DEBUG] [net.minecraftforge.fml.loading.moddiscovery.ModFile/LOADING]: Found coremod coremods/field_to_instanceof.js
[19May2025 21:03:34.959] [main/DEBUG] [net.minecraftforge.fml.loading.moddiscovery.ModFile/LOADING]: Found coremod coremods/add_bouncer_method.js
[19May2025 21:03:34.961] [main/DEBUG] [net.minecraftforge.fml.loading.moddiscovery.ModFileParser/LOADING]: Considering mod file candidate /workspaces/Travestis-al-ataque/servidor_minecraft/mods/geckolib-forge-1.19-3.1.40.jar
[19May2025 21:03:34.965] [main/DEBUG] [net.minecraftforge.fml.loading.moddiscovery.ModFileInfo/LOADING]: Found valid mod file geckolib-forge-1.19-3.1.40.jar with {geckolib3} mods - versions {3.1.40}
[19May2025 21:03:34.965] [main/DEBUG] [net.minecraftforge.fml.loading.moddiscovery.ModFile/LOADING]: Loading mod file /workspaces/Travestis-al-ataque/servidor_minecraft/mods/geckolib-forge-1.19-3.1.40.jar with languages [LanguageSpec[languageName=javafml, acceptedVersions=[41,)]]
[19May2025 21:03:34.966] [main/DEBUG] [net.minecraftforge.fml.loading.moddiscovery.ModFileParser/LOADING]: Considering mod file candidate /workspaces/Travestis-al-ataque/servidor_minecraft/mods/Mimicer v4 2.0.jar
[19May2025 21:03:34.973] [main/DEBUG] [net.minecraftforge.fml.loading.moddiscovery.ModFileInfo/LOADING]: Found valid mod file Mimicer v4 2.0.jar with {mimicer} mods - versions {1.7.0}
[19May2025 21:03:34.974] [main/DEBUG] [net.minecraftforge.fml.loading.moddiscovery.ModFile/LOADING]: Loading mod file /workspaces/Travestis-al-ataque/servidor_minecraft/mods/Mimicer v4 2.0.jar with languages [LanguageSpec[languageName=javafml, acceptedVersions=[43,)]]
[19May2025 21:03:34.977] [main/DEBUG] [cpw.mods.modlauncher.TransformationServiceDecorator/MODLAUNCHER]: End scan trigger - transformation service fml
[19May2025 21:03:35.043] [main/DEBUG] [net.minecraftforge.fml.loading.LanguageLoadingProvider/CORE]: Found 3 language providers
[19May2025 21:03:35.044] [main/DEBUG] [net.minecraftforge.fml.loading.LanguageLoadingProvider/CORE]: Found language provider minecraft, version 1.0
[19May2025 21:03:35.047] [main/DEBUG] [net.minecraftforge.fml.loading.LanguageLoadingProvider/CORE]: Found language provider lowcodefml, version 43
[19May2025 21:03:35.050] [main/DEBUG] [net.minecraftforge.fml.loading.LanguageLoadingProvider/CORE]: Found language provider javafml, version 43
[19May2025 21:03:35.067] [main/DEBUG] [net.minecraftforge.fml.loading.ModSorter/]: Configured system mods: [minecraft, forge]
[19May2025 21:03:35.069] [main/DEBUG] [net.minecraftforge.fml.loading.ModSorter/]: Found system mod: minecraft
[19May2025 21:03:35.069] [main/DEBUG] [net.minecraftforge.fml.loading.ModSorter/]: Found system mod: forge
[19May2025 21:03:35.073] [main/DEBUG] [net.minecraftforge.fml.loading.ModSorter/LOADING]: Found 5 mod requirements (5 mandatory, 0 optional)
[19May2025 21:03:35.074] [main/DEBUG] [net.minecraftforge.fml.loading.ModSorter/LOADING]: Found 0 mod requirements missing (0 mandatory, 0 optional)
[19May2025 21:03:36.396] [main/DEBUG] [cpw.mods.modlauncher.TransformationServicesHandler/MODLAUNCHER]: Transformation services loading transformers
[19May2025 21:03:36.398] [main/DEBUG] [cpw.mods.modlauncher.TransformationServiceDecorator/MODLAUNCHER]: Initializing transformers for transformation service mixin
[19May2025 21:03:36.399] [main/DEBUG] [cpw.mods.modlauncher.TransformationServiceDecorator/MODLAUNCHER]: Initialized transformers for transformation service mixin
[19May2025 21:03:36.401] [main/DEBUG] [cpw.mods.modlauncher.TransformationServiceDecorator/MODLAUNCHER]: Initializing transformers for transformation service OptiFine
[19May2025 21:03:36.401] [main/INFO] [optifine.OptiFineTransformationService/]: OptiFineTransformationService.transformers
[19May2025 21:03:36.444] [main/INFO] [optifine.OptiFineTransformer/]: Targets: 384
[19May2025 21:03:36.463] [main/DEBUG] [cpw.mods.modlauncher.TransformStore/MODLAUNCHER]: Adding transformer optifine.OptiFineTransformer@6107165 to Target : PRE_CLASS {Lnet/minecraft/client/renderer/entity/EntityRenderer;} {} {V}
[19May2025 21:03:36.466] [main/DEBUG] [cpw.mods.modlauncher.TransformStore/MODLAUNCHER]: Adding transformer optifine.OptiFineTransformer@6107165 to Target : PRE_CLASS {Lnet/minecraft/client/renderer/RenderStateShard$BooleanStateShard;} {} {V}
[19May2025 21:03:36.468] [main/DEBUG] [cpw.mods.modlauncher.TransformStore/MODLAUNCHER]: Adding transformer optifine.OptiFineTransformer@6107165 to Target : PRE_CLASS {Lnet/minecraft/client/renderer/entity/layers/RenderLayer;} {} {V}
[19May2025 21:03:36.470] [main/DEBUG] [cpw.mods.modlauncher.TransformStore/MODLAUNCHER]: Adding transformer optifine.OptiFineTransformer@6107165 to Target : PRE_CLASS {Lnet/minecraft/client/renderer/texture/StitcherException;} {} {V}
[19May2025 21:03:36.470] [main/DEBUG] [cpw.mods.modlauncher.TransformStore/MODLAUNCHER]: Adding transformer optifine.OptiFineTransformer@6107165 to Target : PRE_CLASS {Lnet/minecraft/client/renderer/texture/TextureAtlasSprite$AnimatedTexture;} {} {V}
[19May2025 21:03:36.470] [main/DEBUG] [cpw.mods.modlauncher.TransformStore/MODLAUNCHER]: Adding transformer optifine.OptiFineTransformer@6107165 to Target : PRE_CLASS {Lcom/mojang/blaze3d/vertex/VertexFormatElement$Usage$ClearState;} {} {V}
[19May2025 21:03:36.470] [main/DEBUG] [cpw.mods.modlauncher.TransformStore/MODLAUNCHER]: Adding transformer optifine.OptiFineTransformer@6107165 to Target : PRE_CLASS {Lnet/minecraft/client/multiplayer/ClientLevel$1;} {} {V}
[19May2025 21:03:36.470] [main/DEBUG] [cpw.mods.modlauncher.TransformStore/MODLAUNCHER]: Adding transformer optifine.OptiFineTransformer@6107165 to Target : PRE_CLASS {Lnet/minecraft/client/gui/screens/ReceivingLevelScreen;} {} {V}
[19May2025 21:03:36.470] [main/DEBUG] [cpw.mods.modlauncher.TransformStore/MODLAUNCHER]: Adding transformer optifine.OptiFineTransformer@6107165 to Target : PRE_CLASS {Lnet/minecraft/client/renderer/chunk/ChunkRenderDispatcher$ChunkTaskResult;} {} {V}
[19May2025 21:03:36.470] [main/DEBUG] [cpw.mods.modlauncher.TransformStore/MODLAUNCHER]: Adding transformer optifine.OptiFineTransformer@6107165 to Target : PRE_CLASS {Lnet/minecraft/client/renderer/texture/Stitcher$Region;} {} {V}
[19May2025 21:03:36.474] [main/DEBUG] [cpw.mods.modlauncher.TransformStore/MODLAUNCHER]: Adding transformer optifine.OptiFineTransformer@6107165 to Target : PRE_CLASS {Lnet/minecraft/client/renderer/RenderType$CompositeState;} {} {V}
[19May2025 21:03:36.474] [main/DEBUG] [cpw.mods.modlauncher.TransformStore/MODLAUNCHER]: Adding transformer optifine.OptiFineTransformer@6107165 to Target : PRE_CLASS {Lnet/minecraft/client/renderer/culling/Frustum;} {} {V}
[19May2025 21:03:36.474] [main/DEBUG] [cpw.mods.modlauncher.TransformStore/MODLAUNCHER]: Adding transformer optifine.OptiFineTransformer@6107165 to Target : PRE_CLASS {Lcom/mojang/blaze3d/platform/PngInfo;} {} {V}
[19May2025 21:03:36.476] [main/DEBUG] [cpw.mods.modlauncher.TransformStore/MODLAUNCHER]: Adding transformer optifine.OptiFineTransformer@6107165 to Target : PRE_CLASS {Lnet/minecraft/client/GuiMessage$Line;} {} {V}
[19May2025 21:03:36.478] [main/DEBUG] [cpw.mods.modlauncher.TransformStore/MODLAUNCHER]: Adding transformer optifine.OptiFineTransformer@6107165 to Target : PRE_CLASS {Lnet/minecraft/client/model/geom/ModelPart$Visitor;} {} {V}
[19May2025 21:03:36.479] [main/DEBUG] [cpw.mods.modlauncher.TransformStore/MODLAUNCHER]: Adding transformer optifine.OptiFineTransformer@6107165 to Target : PRE_CLASS {Lnet/minecraft/client/renderer/blockentity/BrightnessCombiner;} {} {V}
[19May2025 21:03:36.479] [main/DEBUG] [cpw.mods.modlauncher.TransformStore/MODLAUNCHER]: Adding transformer optifine.OptiFineTransformer@6107165 to Target : PRE_CLASS {Lnet/minecraft/server/level/DistanceManager$PlayerTicketTracker;} {} {V}
[19May2025 21:03:36.483] [main/DEBUG] [cpw.mods.modlauncher.TransformStore/MODLAUNCHER]: Adding transformer optifine.OptiFineTransformer@6107165 to Target : PRE_CLASS {Lnet/minecraft/client/gui/Font;} {} {V}
[19May2025 21:03:36.483] [main/DEBUG] [cpw.mods.modlauncher.TransformStore/MODLAUNCHER]: Adding transformer optifine.OptiFineTransformer@6107165 to Target : PRE_CLASS {Lnet/minecraft/client/renderer/chunk/ChunkRenderDispatcher$CompiledChunk;} {} {V}
[19May2025 21:03:36.483] [main/DEBUG] [cpw.mods.modlauncher.TransformStore/MODLAUNCHER]: Adding transformer optifine.OptiFineTransformer@6107165 to Target : PRE_CLASS {Lnet/minecraft/client/renderer/entity/layers/HumanoidArmorLayer;} {} {V}
[19May2025 21:03:36.483] [main/DEBUG] [cpw.mods.modlauncher.TransformStore/MODLAUNCHER]: Adding transformer optifine.OptiFineTransformer@6107165 to Target : PRE_CLASS {Lnet/minecraft/Util;} {} {V}
[19May2025 21:03:36.485] [main/DEBUG] [cpw.mods.modlauncher.TransformStore/MODLAUNCHER]: Adding transformer optifine.OptiFineTransformer@6107165 to Target : PRE_CLASS {Lnet/minecraft/client/renderer/RenderStateShard$TransparencyStateShard;} {} {V}
[19May2025 21:03:36.486] [main/DEBUG] [cpw.mods.modlauncher.TransformStore/MODLAUNCHER]: Adding transformer optifine.OptiFineTransformer@6107165 to Target : PRE_CLASS {Lnet/minecraft/client/renderer/chunk/RenderChunkRegion;} {} {V}
[19May2025 21:03:36.486] [main/DEBUG] [cpw.mods.modlauncher.TransformStore/MODLAUNCHER]: Adding transformer optifine.OptiFineTransformer@6107165 to Target : PRE_CLASS {Lnet/minecraft/client/renderer/texture/AbstractTexture;} {} {V}
[19May2025 21:03:36.489] [main/DEBUG] [cpw.mods.modlauncher.TransformStore/MODLAUNCHER]: Adding transformer optifine.OptiFineTransformer@6107165 to Target : PRE_CLASS {Lnet/minecraft/Util$4;} {} {V}
[19May2025 21:03:36.489] [main/DEBUG] [cpw.mods.modlauncher.TransformStore/MODLAUNCHER]: Adding transformer optifine.OptiFineTransformer@6107165 to Target : PRE_CLASS {Lnet/minecraft/client/multiplayer/ClientLevel$EntityCallbacks;} {} {V}
[19May2025 21:03:36.489] [main/DEBUG] [cpw.mods.modlauncher.TransformStore/MODLAUNCHER]: Adding transformer optifine.OptiFineTransformer@6107165 to Target : PRE_CLASS {Lnet/minecraft/client/renderer/block/LiquidBlockRenderer$1;} {} {V}
[19May2025 21:03:36.489] [main/DEBUG] [cpw.mods.modlauncher.TransformStore/MODLAUNCHER]: Adding transformer optifine.OptiFineTransformer@6107165 to Target : PRE_CLASS {Lnet/minecraft/client/model/ModelUtils;} {} {V}
[19May2025 21:03:36.489] [main/DEBUG] [cpw.mods.modlauncher.TransformStore/MODLAUNCHER]: Adding transformer optifine.OptiFineTransformer@6107165 to Target : PRE_CLASS {Lnet/minecraft/client/renderer/blockentity/BlockEntityRenderer;} {} {V}
[19May2025 21:03:36.489] [main/DEBUG] [cpw.mods.modlauncher.TransformStore/MODLAUNCHER]: Adding transformer optifine.OptiFineTransformer@6107165 to Target : PRE_CLASS {Lnet/minecraft/client/renderer/block/model/ItemOverrides;} {} {V}
[19May2025 21:03:36.493] [main/DEBUG] [cpw.mods.modlauncher.TransformStore/MODLAUNCHER]: Adding transformer optifine.OptiFineTransformer@6107165 to Target : PRE_CLASS {Lnet/minecraft/client/renderer/blockentity/SignRenderer$SignModel;} {} {V}
[19May2025 21:03:36.493] [main/DEBUG] [cpw.mods.modlauncher.TransformStore/MODLAUNCHER]: Adding transformer optifine.OptiFineTransformer@6107165 to Target : PRE_CLASS {Lnet/minecraft/client/renderer/texture/TextureAtlas$Preparations;} {} {V}
[19May2025 21:03:36.494] [main/DEBUG] [cpw.mods.modlauncher.TransformStore/MODLAUNCHER]: Adding transformer optifine.OptiFineTransformer@6107165 to Target : PRE_CLASS {Lnet/minecraft/world/level/levelgen/blending/Blender$DistanceGetter;} {} {V}
[19May2025 21:03:36.496] [main/DEBUG] [cpw.mods.modlauncher.TransformStore/MODLAUNCHER]: Adding transformer optifine.OptiFineTransformer@6107165 to Target : PRE_CLASS {Lcom/mojang/blaze3d/vertex/VertexFormatElement;} {} {V}
[19May2025 21:03:36.496] [main/DEBUG] [cpw.mods.modlauncher.TransformStore/MODLAUNCHER]: Adding transformer optifine.OptiFineTransformer@6107165 to Target : PRE_CLASS {Lnet/minecraft/client/gui/screens/ChatOptionsScreen;} {} {V}
[19May2025 21:03:36.496] [main/DEBUG] [cpw.mods.modlauncher.TransformStore/MODLAUNCHER]: Adding transformer optifine.OptiFineTransformer@6107165 to Target : PRE_CLASS {Lcom/mojang/blaze3d/vertex/VertexFormat$Mode;} {} {V}
[19May2025 21:03:36.496] [main/DEBUG] [cpw.mods.modlauncher.TransformStore/MODLAUNCHER]: Adding transformer optifine.OptiFineTransformer@6107165 to Target : PRE_CLASS {Lcom/mojang/blaze3d/platform/Window;} {} {V}
[19May2025 21:03:36.497] [main/DEBUG] [cpw.mods.modlauncher.TransformStore/MODLAUNCHER]: Adding transformer optifine.OptiFineTransformer@6107165 to Target : PRE_CLASS {Lcom/mojang/blaze3d/vertex/VertexFormat;} {} {V}
[19May2025 21:03:36.498] [main/DEBUG] [cpw.mods.modlauncher.TransformStore/MODLAUNCHER]: Adding transformer optifine.OptiFineTransformer@6107165 to Target : PRE_CLASS {Lnet/minecraft/client/renderer/FogRenderer$DarknessFogFunction;} {} {V}
[19May2025 21:03:36.500] [main/DEBUG] [cpw.mods.modlauncher.TransformStore/MODLAUNCHER]: Adding transformer optifine.OptiFineTransformer@6107165 to Target : PRE_CLASS {Lnet/minecraft/client/renderer/entity/layers/WardenEmissiveLayer$DrawSelector;} {} {V}
[19May2025 21:03:36.500] [main/DEBUG] [cpw.mods.modlauncher.TransformStore/MODLAUNCHER]: Adding transformer optifine.OptiFineTransformer@6107165 to Target : PRE_CLASS {Lnet/minecraft/client/gui/screens/SkinCustomizationScreen;} {} {V}
[19May2025 21:03:36.501] [main/DEBUG] [cpw.mods.modlauncher.TransformStore/MODLAUNCHER]: Adding transformer optifine.OptiFineTransformer@6107165 to Target : PRE_CLASS {Lnet/minecraft/client/renderer/block/model/FaceBakery$1;} {} {V}
[19May2025 21:03:36.501] [main/DEBUG] [cpw.mods.modlauncher.TransformStore/MODLAUNCHER]: Adding transformer optifine.OptiFineTransformer@6107165 to Target : PRE_CLASS {Lnet/minecraft/client/renderer/block/ModelBlockRenderer$AdjacencyInfo;} {} {V}
[19May2025 21:03:36.501] [main/DEBUG] [cpw.mods.modlauncher.TransformStore/MODLAUNCHER]: Adding transformer optifine.OptiFineTransformer@6107165 to Target : PRE_CLASS {Lnet/minecraft/Util$9;} {} {V}
[19May2025 21:03:36.501] [main/DEBUG] [cpw.mods.modlauncher.TransformStore/MODLAUNCHER]: Adding transformer optifine.OptiFineTransformer@6107165 to Target : PRE_CLASS {Lnet/minecraft/client/renderer/ViewArea;} {} {V}
[19May2025 21:03:36.501] [main/DEBUG] [cpw.mods.modlauncher.TransformStore/MODLAUNCHER]: Adding transformer optifine.OptiFineTransformer@6107165 to Target : PRE_CLASS {Lnet/minecraft/util/Mth;} {} {V}
[19May2025 21:03:36.502] [main/DEBUG] [cpw.mods.modlauncher.TransformStore/MODLAUNCHER]: Adding transformer optifine.OptiFineTransformer@6107165 to Target : PRE_CLASS {Lnet/minecraft/client/renderer/GameRenderer;} {} {V}
[19May2025 21:03:36.502] [main/DEBUG] [cpw.mods.modlauncher.TransformStore/MODLAUNCHER]: Adding transformer optifine.OptiFineTransformer@6107165 to Target : PRE_CLASS {Lnet/minecraft/client/renderer/RenderStateShard$OutputStateShard;} {} {V}
[19May2025 21:03:36.502] [main/DEBUG] [cpw.mods.modlauncher.TransformStore/MODLAUNCHER]: Adding transformer optifine.OptiFineTransformer@6107165 to Target : PRE_CLASS {Lnet/minecraft/client/renderer/block/LiquidBlockRenderer;} {} {V}
[19May2025 21:03:36.503] [main/DEBUG] [cpw.mods.modlauncher.TransformStore/MODLAUNCHER]: Adding transformer optifine.OptiFineTransformer@6107165 to Target : PRE_CLASS {Lnet/minecraft/util/profiling/ActiveProfiler$PathEntry;} {} {V}
[19May2025 21:03:36.504] [main/DEBUG] [cpw.mods.modlauncher.TransformStore/MODLAUNCHER]: Adding transformer optifine.OptiFineTransformer@6107165 to Target : PRE_CLASS {Lnet/minecraft/client/renderer/entity/TntMinecartRenderer;} {} {V}
[19May2025 21:03:36.504] [main/DEBUG] [cpw.mods.modlauncher.TransformStore/MODLAUNCHER]: Adding transformer optifine.OptiFineTransformer@6107165 to Target : PRE_CLASS {Lnet/minecraft/client/renderer/ItemInHandRenderer;} {} {V}
[19May2025 21:03:36.504] [main/DEBUG] [cpw.mods.modlauncher.TransformStore/MODLAUNCHER]: Adding transformer optifine.OptiFineTransformer@6107165 to Target : PRE_CLASS {Lnet/minecraft/client/Options$1;} {} {V}
[19May2025 21:03:36.505] [main/DEBUG] [cpw.mods.modlauncher.TransformStore/MODLAUNCHER]: Adding transformer optifine.OptiFineTransformer@6107165 to Target : PRE_CLASS {Lnet/minecraft/client/resources/PaintingTextureManager;} {} {V}
[19May2025 21:03:36.506] [main/DEBUG] [cpw.mods.modlauncher.TransformStore/MODLAUNCHER]: Adding transformer optifine.OptiFineTransformer@6107165 to Target : PRE_CLASS {Lcom/mojang/blaze3d/platform/Window$WindowInitFailed;} {} {V}
[19May2025 21:03:36.506] [main/DEBUG] [cpw.mods.modlauncher.TransformStore/MODLAUNCHER]: Adding transformer optifine.OptiFineTransformer@6107165 to Target : PRE_CLASS {Lnet/minecraft/client/renderer/texture/Stitcher;} {} {V}
[19May2025 21:03:36.506] [main/DEBUG] [cpw.mods.modlauncher.TransformStore/MODLAUNCHER]: Adding transformer optifine.OptiFineTransformer@6107165 to Target : PRE_CLASS {Lnet/minecraft/client/Camera;} {} {V}
[19May2025 21:03:36.507] [main/DEBUG] [cpw.mods.modlauncher.TransformStore/MODLAUNCHER]: Adding transformer optifine.OptiFineTransformer@6107165 to Target : PRE_CLASS {Lnet/minecraft/core/Direction$Plane;} {} {V}
[19May2025 21:03:36.507] [main/DEBUG] [cpw.mods.modlauncher.TransformStore/MODLAUNCHER]: Adding transformer optifine.OptiFineTransformer@6107165 to Target : PRE_CLASS {Lnet/minecraft/world/level/block/state/properties/Property$Value;} {} {V}
[19May2025 21:03:36.507] [main/DEBUG] [cpw.mods.modlauncher.TransformStore/MODLAUNCHER]: Adding transformer optifine.OptiFineTransformer@6107165 to Target : PRE_CLASS {Lnet/minecraft/world/level/lighting/DynamicGraphMinFixedPoint$1;} {} {V}
[19May2025 21:03:36.507] [main/DEBUG] [cpw.mods.modlauncher.TransformStore/MODLAUNCHER]: Adding transformer optifine.OptiFineTransformer@6107165 to Target : PRE_CLASS {Lnet/minecraft/client/multiplayer/ClientChunkCache;} {} {V}
[19May2025 21:03:36.507] [main/DEBUG] [cpw.mods.modlauncher.TransformStore/MODLAUNCHER]: Adding transformer optifine.OptiFineTransformer@6107165 to Target : PRE_CLASS {Lnet/minecraft/client/ClientTelemetryManager;} {} {V}
[19May2025 21:03:36.507] [main/DEBUG] [cpw.mods.modlauncher.TransformStore/MODLAUNCHER]: Adding transformer optifine.OptiFineTransformer@6107165 to Target : PRE_CLASS {Lnet/minecraft/client/gui/components/CycleButton$OnValueChange;} {} {V}
[19May2025 21:03:36.508] [main/DEBUG] [cpw.mods.modlauncher.TransformStore/MODLAUNCHER]: Adding transformer optifine.OptiFineTransformer@6107165 to Target : PRE_CLASS {Lnet/minecraft/client/renderer/blockentity/SkullBlockRenderer;} {} {V}
[19May2025 21:03:36.508] [main/DEBUG] [cpw.mods.modlauncher.TransformStore/MODLAUNCHER]: Adding transformer optifine.OptiFineTransformer@6107165 to Target : PRE_CLASS {Lcom/mojang/blaze3d/vertex/Tesselator;} {} {V}
[19May2025 21:03:36.508] [main/DEBUG] [cpw.mods.modlauncher.TransformStore/MODLAUNCHER]: Adding transformer optifine.OptiFineTransformer@6107165 to Target : PRE_CLASS {Lnet/minecraft/client/gui/components/CycleButton$ValueListSupplier$2;} {} {V}
[19May2025 21:03:36.508] [main/DEBUG] [cpw.mods.modlauncher.TransformStore/MODLAUNCHER]: Adding transformer optifine.OptiFineTransformer@6107165 to Target : PRE_CLASS {Lnet/minecraft/client/renderer/RenderStateShard$TextureStateShard;} {} {V}
[19May2025 21:03:36.508] [main/DEBUG] [cpw.mods.modlauncher.TransformStore/MODLAUNCHER]: Adding transformer optifine.OptiFineTransformer@6107165 to Target : PRE_CLASS {Lnet/minecraft/client/renderer/entity/ItemFrameRenderer;} {} {V}
[19May2025 21:03:36.508] [main/DEBUG] [cpw.mods.modlauncher.TransformStore/MODLAUNCHER]: Adding transformer optifine.OptiFineTransformer@6107165 to Target : PRE_CLASS {Lcom/mojang/blaze3d/shaders/Program$Type;} {} {V}
[19May2025 21:03:36.508] [main/DEBUG] [cpw.mods.modlauncher.TransformStore/MODLAUNCHER]: Adding transformer optifine.OptiFineTransformer@6107165 to Target : PRE_CLASS {Lnet/minecraft/client/renderer/chunk/RenderChunk;} {} {V}
[19May2025 21:03:36.508] [main/DEBUG] [cpw.mods.modlauncher.TransformStore/MODLAUNCHER]: Adding transformer optifine.OptiFineTransformer@6107165 to Target : PRE_CLASS {Lnet/minecraft/util/profiling/ActiveProfiler;} {} {V}
[19May2025 21:03:36.508] [main/DEBUG] [cpw.mods.modlauncher.TransformStore/MODLAUNCHER]: Adding transformer optifine.OptiFineTransformer@6107165 to Target : PRE_CLASS {Lnet/minecraft/client/renderer/RenderStateShard;} {} {V}
[19May2025 21:03:36.509] [main/DEBUG] [cpw.mods.modlauncher.TransformStore/MODLAUNCHER]: Adding transformer optifine.OptiFineTransformer@6107165 to Target : PRE_CLASS {Lnet/minecraft/client/renderer/texture/DynamicTexture;} {} {V}
[19May2025 21:03:36.510] [main/DEBUG] [cpw.mods.modlauncher.TransformStore/MODLAUNCHER]: Adding transformer optifine.OptiFineTransformer@6107165 to Target : PRE_CLASS {Lnet/minecraft/client/Options;} {} {V}
[19May2025 21:03:36.511] [main/DEBUG] [cpw.mods.modlauncher.TransformStore/MODLAUNCHER]: Adding transformer optifine.OptiFineTransformer@6107165 to Target : PRE_CLASS {Lnet/minecraft/client/gui/MapRenderer$MapInstance;} {} {V}
[19May2025 21:03:36.511] [main/DEBUG] [cpw.mods.modlauncher.TransformStore/MODLAUNCHER]: Adding transformer optifine.OptiFineTransformer@6107165 to Target : PRE_CLASS {Lnet/minecraft/server/packs/AbstractPackResources;} {} {V}
[19May2025 21:03:36.511] [main/DEBUG] [cpw.mods.modlauncher.TransformStore/MODLAUNCHER]: Adding transformer optifine.OptiFineTransformer@6107165 to Target : PRE_CLASS {Lnet/minecraft/client/gui/font/providers/BitmapProvider;} {} {V}
[19May2025 21:03:36.511] [main/DEBUG] [cpw.mods.modlauncher.TransformStore/MODLAUNCHER]: Adding transformer optifine.OptiFineTransformer@6107165 to Target : PRE_CLASS {Lnet/minecraft/client/Options$FieldAccess;} {} {V}
[19May2025 21:03:36.512] [main/DEBUG] [cpw.mods.modlauncher.TransformStore/MODLAUNCHER]: Adding transformer optifine.OptiFineTransformer@6107165 to Target : PRE_CLASS {Lnet/minecraft/client/renderer/LevelRenderer$RenderChunkStorage;} {} {V}
[19May2025 21:03:36.512] [main/DEBUG] [cpw.mods.modlauncher.TransformStore/MODLAUNCHER]: Adding transformer optifine.OptiFineTransformer@6107165 to Target : PRE_CLASS {Lcom/mojang/blaze3d/vertex/BufferBuilder$DrawState;} {} {V}
[19May2025 21:03:36.512] [main/DEBUG] [cpw.mods.modlauncher.TransformStore/MODLAUNCHER]: Adding transformer optifine.OptiFineTransformer@6107165 to Target : PRE_CLASS {Lnet/minecraft/core/Direction$Axis$2;} {} {V}
[19May2025 21:03:36.513] [main/DEBUG] [cpw.mods.modlauncher.TransformStore/MODLAUNCHER]: Adding transformer optifine.OptiFineTransformer@6107165 to Target : PRE_CLASS {Lnet/minecraft/world/level/levelgen/blending/Blender;} {} {V}
[19May2025 21:03:36.514] [main/DEBUG] [cpw.mods.modlauncher.TransformStore/MODLAUNCHER]: Adding transformer optifine.OptiFineTransformer@6107165 to Target : PRE_CLASS {Lcom/mojang/blaze3d/vertex/DefaultVertexFormat;} {} {V}
[19May2025 21:03:36.514] [main/DEBUG] [cpw.mods.modlauncher.TransformStore/MODLAUNCHER]: Adding transformer optifine.OptiFineTransformer@6107165 to Target : PRE_CLASS {Lnet/minecraft/client/particle/ParticleEngine;} {} {V}
[19May2025 21:03:36.514] [main/DEBUG] [cpw.mods.modlauncher.TransformStore/MODLAUNCHER]: Adding transformer optifine.OptiFineTransformer@6107165 to Target : PRE_CLASS {Lnet/minecraft/util/valueproviders/ConstantFloat;} {} {V}
[19May2025 21:03:36.514] [main/DEBUG] [cpw.mods.modlauncher.TransformStore/MODLAUNCHER]: Adding transformer optifine.OptiFineTransformer@6107165 to Target : PRE_CLASS {Lnet/minecraft/Util$7;} {} {V}
[19May2025 21:03:36.515] [main/DEBUG] [cpw.mods.modlauncher.TransformStore/MODLAUNCHER]: Adding transformer optifine.OptiFineTransformer@6107165 to Target : PRE_CLASS {Lnet/minecraft/client/gui/MapRenderer;} {} {V}
[19May2025 21:03:36.515] [main/DEBUG] [cpw.mods.modlauncher.TransformStore/MODLAUNCHER]: Adding transformer optifine.OptiFineTransformer@6107165 to Target : PRE_CLASS {Lnet/minecraft/client/renderer/texture/TextureManager;} {} {V}
[19May2025 21:03:36.515] [main/DEBUG] [cpw.mods.modlauncher.TransformStore/MODLAUNCHER]: Adding transformer optifine.OptiFineTransformer@6107165 to Target : PRE_CLASS {Lnet/minecraft/client/resources/language/ClientLanguage;} {} {V}
[19May2025 21:03:36.516] [main/DEBUG] [cpw.mods.modlauncher.TransformStore/MODLAUNCHER]: Adding transformer optifine.OptiFineTransformer@6107165 to Target : PRE_CLASS {Lnet/minecraft/client/renderer/RenderStateShard$LineStateShard;} {} {V}
[19May2025 21:03:36.516] [main/DEBUG] [cpw.mods.modlauncher.TransformStore/MODLAUNCHER]: Adding transformer optifine.OptiFineTransformer@6107165 to Target : PRE_CLASS {Lnet/minecraft/client/renderer/RenderStateShard$MultiTextureStateShard$Builder;} {} {V}
[19May2025 21:03:36.516] [main/DEBUG] [cpw.mods.modlauncher.TransformStore/MODLAUNCHER]: Adding transformer optifine.OptiFineTransformer@6107165 to Target : PRE_CLASS {Lnet/minecraft/client/renderer/entity/layers/StrayClothingLayer;} {} {V}
[19May2025 21:03:36.517] [main/DEBUG] [cpw.mods.modlauncher.TransformStore/MODLAUNCHER]: Adding transformer optifine.OptiFineTransformer@6107165 to Target : PRE_CLASS {Lnet/minecraft/world/level/entity/EntitySectionStorage;} {} {V}
[19May2025 21:03:36.517] [main/DEBUG] [cpw.mods.modlauncher.TransformStore/MODLAUNCHER]: Adding transformer optifine.OptiFineTransformer@6107165 to Target : PRE_CLASS {Lnet/minecraft/client/renderer/block/ModelBlockRenderer$AmbientVertexRemap;} {} {V}
[19May2025 21:03:36.517] [main/DEBUG] [cpw.mods.modlauncher.TransformStore/MODLAUNCHER]: Adding transformer optifine.OptiFineTransformer@6107165 to Target : PRE_CLASS {Lnet/minecraft/client/renderer/chunk/VisGraph$1;} {} {V}
[19May2025 21:03:36.517] [main/DEBUG] [cpw.mods.modlauncher.TransformStore/MODLAUNCHER]: Adding transformer optifine.OptiFineTransformer@6107165 to Target : PRE_CLASS {Lnet/minecraft/client/OptionInstance$CycleableValueSet$ValueSetter;} {} {V}
[19May2025 21:03:36.517] [main/DEBUG] [cpw.mods.modlauncher.TransformStore/MODLAUNCHER]: Adding transformer optifine.OptiFineTransformer@6107165 to Target : PRE_CLASS {Lnet/minecraft/client/OptionInstance$IntRange;} {} {V}
[19May2025 21:03:36.518] [main/DEBUG] [cpw.mods.modlauncher.TransformStore/MODLAUNCHER]: Adding transformer optifine.OptiFineTransformer@6107165 to Target : PRE_CLASS {Lnet/minecraft/world/level/levelgen/blending/Blender$BlendingOutput;} {} {V}
[19May2025 21:03:36.518] [main/DEBUG] [cpw.mods.modlauncher.TransformStore/MODLAUNCHER]: Adding transformer optifine.OptiFineTransformer@6107165 to Target : PRE_CLASS {Lcom/mojang/blaze3d/platform/GlStateManager;} {} {V}
[19May2025 21:03:36.518] [main/DEBUG] [cpw.mods.modlauncher.TransformStore/MODLAUNCHER]: Adding transformer optifine.OptiFineTransformer@6107165 to Target : PRE_CLASS {Lnet/minecraft/client/renderer/block/model/FaceBakery;} {} {V}
[19May2025 21:03:36.518] [main/DEBUG] [cpw.mods.modlauncher.TransformStore/MODLAUNCHER]: Adding transformer optifine.OptiFineTransformer@6107165 to Target : PRE_CLASS {Lnet/minecraft/world/level/block/state/properties/Property;} {} {V}
[19May2025 21:03:36.519] [main/DEBUG] [cpw.mods.modlauncher.TransformStore/MODLAUNCHER]: Adding transformer optifine.OptiFineTransformer@6107165 to Target : PRE_CLASS {Lcom/mojang/blaze3d/platform/GlStateManager$BooleanState;} {} {V}
[19May2025 21:03:36.519] [main/DEBUG] [cpw.mods.modlauncher.TransformStore/MODLAUNCHER]: Adding transformer optifine.OptiFineTransformer@6107165 to Target : PRE_CLASS {Lcom/mojang/blaze3d/vertex/VertexFormatElement$Usage$SetupState;} {} {V}
[19May2025 21:03:36.519] [main/DEBUG] [cpw.mods.modlauncher.TransformStore/MODLAUNCHER]: Adding transformer optifine.OptiFineTransformer@6107165 to Target : PRE_CLASS {Lnet/minecraft/client/renderer/entity/layers/SheepFurLayer;} {} {V}
[19May2025 21:03:36.519] [main/DEBUG] [cpw.mods.modlauncher.TransformStore/MODLAUNCHER]: Adding transformer optifine.OptiFineTransformer@6107165 to Target : PRE_CLASS {Lnet/minecraft/world/level/chunk/LevelChunkSection;} {} {V}
[19May2025 21:03:36.520] [main/DEBUG] [cpw.mods.modlauncher.TransformStore/MODLAUNCHER]: Adding transformer optifine.OptiFineTransformer@6107165 to Target : PRE_CLASS {Lnet/minecraft/client/multiplayer/ClientLevel;} {} {V}
[19May2025 21:03:36.520] [main/DEBUG] [cpw.mods.modlauncher.TransformStore/MODLAUNCHER]: Adding transformer optifine.OptiFineTransformer@6107165 to Target : PRE_CLASS {Lnet/minecraft/client/Options$3;} {} {V}
[19May2025 21:03:36.520] [main/DEBUG] [cpw.mods.modlauncher.TransformStore/MODLAUNCHER]: Adding transformer optifine.OptiFineTransformer@6107165 to Target : PRE_CLASS {Lnet/minecraft/client/gui/components/BossHealthOverlay$1;} {} {V}
[19May2025 21:03:36.521] [main/DEBUG] [cpw.mods.modlauncher.TransformStore/MODLAUNCHER]: Adding transformer optifine.OptiFineTransformer@6107165 to Target : PRE_CLASS {Lnet/minecraft/client/OptionInstance$ClampingLazyMaxIntRange;} {} {V}
[19May2025 21:03:36.521] [main/DEBUG] [cpw.mods.modlauncher.TransformStore/MODLAUNCHER]: Adding transformer optifine.OptiFineTransformer@6107165 to Target : PRE_CLASS {Lnet/minecraft/client/renderer/entity/ExperienceOrbRenderer;} {} {V}
[19May2025 21:03:36.522] [main/DEBUG] [cpw.mods.modlauncher.TransformStore/MODLAUNCHER]: Adding transformer optifine.OptiFineTransformer@6107165 to Target : PRE_CLASS {Lnet/minecraft/client/particle/ParticleEngine$SpriteParticleRegistration;} {} {V}
[19May2025 21:03:36.522] [main/DEBUG] [cpw.mods.modlauncher.TransformStore/MODLAUNCHER]: Adding transformer optifine.OptiFineTransformer@6107165 to Target : PRE_CLASS {Lcom/mojang/blaze3d/vertex/VertexConsumer;} {} {V}
[19May2025 21:03:36.522] [main/DEBUG] [cpw.mods.modlauncher.TransformStore/MODLAUNCHER]: Adding transformer optifine.OptiFineTransformer@6107165 to Target : PRE_CLASS {Lnet/minecraft/client/renderer/RenderStateShard$OffsetTexturingStateShard;} {} {V}
[19May2025 21:03:36.523] [main/DEBUG] [cpw.mods.modlauncher.TransformStore/MODLAUNCHER]: Adding transformer optifine.OptiFineTransformer@6107165 to Target : PRE_CLASS {Lnet/minecraft/client/renderer/chunk/ChunkRenderDispatcher$RenderChunk;} {} {V}
[19May2025 21:03:36.523] [main/DEBUG] [cpw.mods.modlauncher.TransformStore/MODLAUNCHER]: Adding transformer optifine.OptiFineTransformer@6107165 to Target : PRE_CLASS {Lcom/mojang/blaze3d/vertex/VertexFormatElement$Type;} {} {V}
[19May2025 21:03:36.523] [main/DEBUG] [cpw.mods.modlauncher.TransformStore/MODLAUNCHER]: Adding transformer optifine.OptiFineTransformer@6107165 to Target : PRE_CLASS {Lnet/minecraft/client/renderer/texture/SimpleTexture$TextureImage;} {} {V}
[19May2025 21:03:36.524] [main/DEBUG] [cpw.mods.modlauncher.TransformStore/MODLAUNCHER]: Adding transformer optifine.OptiFineTransformer@6107165 to Target : PRE_CLASS {Lnet/minecraft/client/resources/model/Material;} {} {V}
[19May2025 21:03:36.524] [main/DEBUG] [cpw.mods.modlauncher.TransformStore/MODLAUNCHER]: Adding transformer optifine.OptiFineTransformer@6107165 to Target : PRE_CLASS {Lnet/minecraft/server/level/ChunkMap$1;} {} {V}
[19May2025 21:03:36.524] [main/DEBUG] [cpw.mods.modlauncher.TransformStore/MODLAUNCHER]: Adding transformer optifine.OptiFineTransformer@6107165 to Target : PRE_CLASS {Lnet/minecraft/client/renderer/block/ModelBlockRenderer$Cache;} {} {V}
[19May2025 21:03:36.525] [main/DEBUG] [cpw.mods.modlauncher.TransformStore/MODLAUNCHER]: Adding transformer optifine.OptiFineTransformer@6107165 to Target : PRE_CLASS {Lnet/minecraft/client/renderer/chunk/RenderRegionCache;} {} {V}
[19May2025 21:03:36.525] [main/DEBUG] [cpw.mods.modlauncher.TransformStore/MODLAUNCHER]: Adding transformer optifine.OptiFineTransformer@6107165 to Target : PRE_CLASS {Lnet/minecraft/network/syncher/SynchedEntityData$DataItem;} {} {V}
[19May2025 21:03:36.525] [main/DEBUG] [cpw.mods.modlauncher.TransformStore/MODLAUNCHER]: Adding transformer optifine.OptiFineTransformer@6107165 to Target : PRE_CLASS {Lnet/minecraft/client/renderer/texture/MissingTextureAtlasSprite;} {} {V}
[19May2025 21:03:36.525] [main/DEBUG] [cpw.mods.modlauncher.TransformStore/MODLAUNCHER]: Adding transformer optifine.OptiFineTransformer@6107165 to Target : PRE_CLASS {Lnet/minecraft/Util$OS$1;} {} {V}
[19May2025 21:03:36.525] [main/DEBUG] [cpw.mods.modlauncher.TransformStore/MODLAUNCHER]: Adding transformer optifine.OptiFineTransformer@6107165 to Target : PRE_CLASS {Lnet/minecraft/client/renderer/block/model/ItemOverrides$BakedOverride;} {} {V}
[19May2025 21:03:36.525] [main/DEBUG] [cpw.mods.modlauncher.TransformStore/MODLAUNCHER]: Adding transformer optifine.OptiFineTransformer@6107165 to Target : PRE_CLASS {Lnet/minecraft/client/renderer/entity/layers/ElytraLayer;} {} {V}
[19May2025 21:03:36.526] [main/DEBUG] [cpw.mods.modlauncher.TransformStore/MODLAUNCHER]: Adding transformer optifine.OptiFineTransformer@6107165 to Target : PRE_CLASS {Lnet/minecraft/client/renderer/RenderType$OutlineProperty;} {} {V}
[19May2025 21:03:36.527] [main/DEBUG] [cpw.mods.modlauncher.TransformStore/MODLAUNCHER]: Adding transformer optifine.OptiFineTransformer@6107165 to Target : PRE_CLASS {Lnet/minecraft/client/renderer/block/BlockRenderDispatcher$1;} {} {V}
[19May2025 21:03:36.527] [main/DEBUG] [cpw.mods.modlauncher.TransformStore/MODLAUNCHER]: Adding transformer optifine.OptiFineTransformer@6107165 to Target : PRE_CLASS {Lnet/minecraft/client/renderer/chunk/ChunkRenderDispatcher$RenderChunk$ChunkCompileTask;} {} {V}
[19May2025 21:03:36.527] [main/DEBUG] [cpw.mods.modlauncher.TransformStore/MODLAUNCHER]: Adding transformer optifine.OptiFineTransformer@6107165 to Target : PRE_CLASS {Lcom/mojang/blaze3d/platform/NativeImage$InternalGlFormat;} {} {V}
[19May2025 21:03:36.527] [main/DEBUG] [cpw.mods.modlauncher.TransformStore/MODLAUNCHER]: Adding transformer optifine.OptiFineTransformer@6107165 to Target : PRE_CLASS {Lnet/minecraft/world/level/material/MaterialColor$Brightness;} {} {V}
[19May2025 21:03:36.528] [main/DEBUG] [cpw.mods.modlauncher.TransformStore/MODLAUNCHER]: Adding transformer optifine.OptiFineTransformer@6107165 to Target : PRE_CLASS {Lnet/minecraft/client/gui/components/DebugScreenOverlay$1;} {} {V}
[19May2025 21:03:36.528] [main/DEBUG] [cpw.mods.modlauncher.TransformStore/MODLAUNCHER]: Adding transformer optifine.OptiFineTransformer@6107165 to Target : PRE_CLASS {Lnet/minecraft/world/level/block/entity/BlockEntity;} {} {V}
[19May2025 21:03:36.528] [main/DEBUG] [cpw.mods.modlauncher.TransformStore/MODLAUNCHER]: Adding transformer optifine.OptiFineTransformer@6107165 to Target : PRE_CLASS {Lcom/mojang/blaze3d/vertex/PoseStack$Pose;} {} {V}
[19May2025 21:03:36.528] [main/DEBUG] [cpw.mods.modlauncher.TransformStore/MODLAUNCHER]: Adding transformer optifine.OptiFineTransformer@6107165 to Target : PRE_CLASS {Lnet/minecraft/Util$3;} {} {V}
[19May2025 21:03:36.529] [main/DEBUG] [cpw.mods.modlauncher.TransformStore/MODLAUNCHER]: Adding transformer optifine.OptiFineTransformer@6107165 to Target : PRE_CLASS {Lnet/minecraft/client/Screenshot;} {} {V}
[19May2025 21:03:36.529] [main/DEBUG] [cpw.mods.modlauncher.TransformStore/MODLAUNCHER]: Adding transformer optifine.OptiFineTransformer@6107165 to Target : PRE_CLASS {Lnet/minecraft/client/gui/font/providers/BitmapProvider$Builder;} {} {V}
[19May2025 21:03:36.531] [main/DEBUG] [cpw.mods.modlauncher.TransformStore/MODLAUNCHER]: Adding transformer optifine.OptiFineTransformer@6107165 to Target : PRE_CLASS {Lnet/minecraft/client/renderer/block/ModelBlockRenderer$AmbientOcclusionFace;} {} {V}
[19May2025 21:03:36.531] [main/DEBUG] [cpw.mods.modlauncher.TransformStore/MODLAUNCHER]: Adding transformer optifine.OptiFineTransformer@6107165 to Target : PRE_CLASS {Lcom/mojang/blaze3d/vertex/BufferBuilder$SortState;} {} {V}
[19May2025 21:03:36.531] [main/DEBUG] [cpw.mods.modlauncher.TransformStore/MODLAUNCHER]: Adding transformer optifine.OptiFineTransformer@6107165 to Target : PRE_CLASS {Lcom/mojang/blaze3d/platform/PngInfo$StbReaderBufferedChannel;} {} {V}
[19May2025 21:03:36.532] [main/DEBUG] [cpw.mods.modlauncher.TransformStore/MODLAUNCHER]: Adding transformer optifine.OptiFineTransformer@6107165 to Target : PRE_CLASS {Lcom/mojang/blaze3d/platform/PngInfo$StbReaderSeekableByteChannel;} {} {V}
[19May2025 21:03:36.532] [main/DEBUG] [cpw.mods.modlauncher.TransformStore/MODLAUNCHER]: Adding transformer optifine.OptiFineTransformer@6107165 to Target : PRE_CLASS {Lcom/mojang/blaze3d/systems/RenderSystem$AutoStorageIndexBuffer$IndexGenerator;} {} {V}
[19May2025 21:03:36.532] [main/DEBUG] [cpw.mods.modlauncher.TransformStore/MODLAUNCHER]: Adding transformer optifine.OptiFineTransformer@6107165 to Target : PRE_CLASS {Lnet/minecraft/resources/ResourceLocation;} {} {V}
[19May2025 21:03:36.532] [main/DEBUG] [cpw.mods.modlauncher.TransformStore/MODLAUNCHER]: Adding transformer optifine.OptiFineTransformer@6107165 to Target : PRE_CLASS {Lnet/minecraft/client/renderer/RenderStateShard$DepthTestStateShard;} {} {V}
[19May2025 21:03:36.532] [main/DEBUG] [cpw.mods.modlauncher.TransformStore/MODLAUNCHER]: Adding transformer optifine.OptiFineTransformer@6107165 to Target : PRE_CLASS {Lnet/minecraft/client/model/Model;} {} {V}
[19May2025 21:03:36.533] [main/DEBUG] [cpw.mods.modlauncher.TransformStore/MODLAUNCHER]: Adding transformer optifine.OptiFineTransformer@6107165 to Target : PRE_CLASS {Lcom/mojang/blaze3d/vertex/VertexMultiConsumer;} {} {V}
[19May2025 21:03:36.533] [main/DEBUG] [cpw.mods.modlauncher.TransformStore/MODLAUNCHER]: Adding transformer optifine.OptiFineTransformer@6107165 to Target : PRE_CLASS {Lnet/minecraft/client/gui/screens/TitleScreen$WarningLabel;} {} {V}
[19May2025 21:03:36.533] [main/DEBUG] [cpw.mods.modlauncher.TransformStore/MODLAUNCHER]: Adding transformer optifine.OptiFineTransformer@6107165 to Target : PRE_CLASS {Lnet/minecraft/client/renderer/blockentity/TheEndPortalRenderer;} {} {V}
[19May2025 21:03:36.533] [main/DEBUG] [cpw.mods.modlauncher.TransformStore/MODLAUNCHER]: Adding transformer optifine.OptiFineTransformer@6107165 to Target : PRE_CLASS {Lnet/minecraft/core/Direction$1;} {} {V}
[19May2025 21:03:36.533] [main/DEBUG] [cpw.mods.modlauncher.TransformStore/MODLAUNCHER]: Adding transformer optifine.OptiFineTransformer@6107165 to Target : PRE_CLASS {Lcom/mojang/blaze3d/platform/GlStateManager$Viewport;} {} {V}
[19May2025 21:03:36.533] [main/DEBUG] [cpw.mods.modlauncher.TransformStore/MODLAUNCHER]: Adding transformer optifine.OptiFineTransformer@6107165 to Target : PRE_CLASS {Lnet/minecraft/client/gui/components/CycleButton;} {} {V}
[19May2025 21:03:36.533] [main/DEBUG] [cpw.mods.modlauncher.TransformStore/MODLAUNCHER]: Adding transformer optifine.OptiFineTransformer@6107165 to Target : PRE_CLASS {Lnet/minecraft/client/renderer/RenderStateShard$LayeringStateShard;} {} {V}
[19May2025 21:03:36.534] [main/DEBUG] [cpw.mods.modlauncher.TransformStore/MODLAUNCHER]: Adding transformer optifine.OptiFineTransformer@6107165 to Target : PRE_CLASS {Lnet/minecraft/client/renderer/entity/layers/WardenEmissiveLayer;} {} {V}
[19May2025 21:03:36.534] [main/DEBUG] [cpw.mods.modlauncher.TransformStore/MODLAUNCHER]: Adding transformer optifine.OptiFineTransformer@6107165 to Target : PRE_CLASS {Lnet/minecraft/client/renderer/entity/layers/SlimeOuterLayer;} {} {V}
[19May2025 21:03:36.534] [main/DEBUG] [cpw.mods.modlauncher.TransformStore/MODLAUNCHER]: Adding transformer optifine.OptiFineTransformer@6107165 to Target : PRE_CLASS {Lnet/minecraft/client/Camera$NearPlane;} {} {V}
[19May2025 21:03:36.534] [main/DEBUG] [cpw.mods.modlauncher.TransformStore/MODLAUNCHER]: Adding transformer optifine.OptiFineTransformer@6107165 to Target : PRE_CLASS {Lnet/minecraft/client/renderer/texture/MipmapGenerator;} {} {V}
[19May2025 21:03:36.534] [main/DEBUG] [cpw.mods.modlauncher.TransformStore/MODLAUNCHER]: Adding transformer optifine.OptiFineTransformer@6107165 to Target : PRE_CLASS {Lnet/minecraft/core/Direction$Axis$1;} {} {V}
[19May2025 21:03:36.535] [main/DEBUG] [cpw.mods.modlauncher.TransformStore/MODLAUNCHER]: Adding transformer optifine.OptiFineTransformer@6107165 to Target : PRE_CLASS {Lnet/minecraft/client/gui/components/DebugScreenOverlay$AllocationRateCalculator;} {} {V}
[19May2025 21:03:36.535] [main/DEBUG] [cpw.mods.modlauncher.TransformStore/MODLAUNCHER]: Adding transformer optifine.OptiFineTransformer@6107165 to Target : PRE_CLASS {Lnet/minecraft/client/OptionInstance$LazyEnum;} {} {V}
[19May2025 21:03:36.535] [main/DEBUG] [cpw.mods.modlauncher.TransformStore/MODLAUNCHER]: Adding transformer optifine.OptiFineTransformer@6107165 to Target : PRE_CLASS {Lnet/minecraft/client/gui/font/glyphs/BakedGlyph$1;} {} {V}
[19May2025 21:03:36.535] [main/DEBUG] [cpw.mods.modlauncher.TransformStore/MODLAUNCHER]: Adding transformer optifine.OptiFineTransformer@6107165 to Target : PRE_CLASS {Lnet/minecraft/client/renderer/FogRenderer$BlindnessFogFunction;} {} {V}
[19May2025 21:03:36.535] [main/DEBUG] [cpw.mods.modlauncher.TransformStore/MODLAUNCHER]: Adding transformer optifine.OptiFineTransformer@6107165 to Target : PRE_CLASS {Lnet/minecraft/world/item/DyeColor;} {} {V}
[19May2025 21:03:36.535] [main/DEBUG] [cpw.mods.modlauncher.TransformStore/MODLAUNCHER]: Adding transformer optifine.OptiFineTransformer@6107165 to Target : PRE_CLASS {Lnet/minecraft/client/renderer/FogRenderer$FogData;} {} {V}
[19May2025 21:03:36.535] [main/DEBUG] [cpw.mods.modlauncher.TransformStore/MODLAUNCHER]: Adding transformer optifine.OptiFineTransformer@6107165 to Target : PRE_CLASS {Lnet/minecraft/client/renderer/FogRenderer$MobEffectFogFunction;} {} {V}
[19May2025 21:03:36.536] [main/DEBUG] [cpw.mods.modlauncher.TransformStore/MODLAUNCHER]: Adding transformer optifine.OptiFineTransformer@6107165 to Target : PRE_CLASS {Lnet/minecraft/server/level/ChunkMap$2;} {} {V}
[19May2025 21:03:36.536] [main/DEBUG] [cpw.mods.modlauncher.TransformStore/MODLAUNCHER]: Adding transformer optifine.OptiFineTransformer@6107165 to Target : PRE_CLASS {Lnet/minecraft/server/packs/VanillaPackResources;} {} {V}
[19May2025 21:03:36.536] [main/DEBUG] [cpw.mods.modlauncher.TransformStore/MODLAUNCHER]: Adding transformer optifine.OptiFineTransformer@6107165 to Target : PRE_CLASS {Lnet/minecraft/client/gui/font/providers/BitmapProvider$Glyph$1;} {} {V}
[19May2025 21:03:36.536] [main/DEBUG] [cpw.mods.modlauncher.TransformStore/MODLAUNCHER]: Adding transformer optifine.OptiFineTransformer@6107165 to Target : PRE_CLASS {Lnet/minecraft/client/renderer/entity/ItemRenderer;} {} {V}
[19May2025 21:03:36.536] [main/DEBUG] [cpw.mods.modlauncher.TransformStore/MODLAUNCHER]: Adding transformer optifine.OptiFineTransformer@6107165 to Target : PRE_CLASS {Lnet/minecraft/client/renderer/texture/TextureAtlasSprite;} {} {V}
[19May2025 21:03:36.536] [main/DEBUG] [cpw.mods.modlauncher.TransformStore/MODLAUNCHER]: Adding transformer optifine.OptiFineTransformer@6107165 to Target : PRE_CLASS {Lnet/minecraft/Util$6;} {} {V}
[19May2025 21:03:36.536] [main/DEBUG] [cpw.mods.modlauncher.TransformStore/MODLAUNCHER]: Adding transformer optifine.OptiFineTransformer@6107165 to Target : PRE_CLASS {Lnet/minecraft/client/Options$2;} {} {V}
[19May2025 21:03:36.536] [main/DEBUG] [cpw.mods.modlauncher.TransformStore/MODLAUNCHER]: Adding transformer optifine.OptiFineTransformer@6107165 to Target : PRE_CLASS {Lnet/minecraft/server/level/ChunkMap$DistanceManager;} {} {V}
[19May2025 21:03:36.536] [main/DEBUG] [cpw.mods.modlauncher.TransformStore/MODLAUNCHER]: Adding transformer optifine.OptiFineTransformer@6107165 to Target : PRE_CLASS {Lcom/mojang/blaze3d/platform/NativeImage$Format;} {} {V}
[19May2025 21:03:36.537] [main/DEBUG] [cpw.mods.modlauncher.TransformStore/MODLAUNCHER]: Adding transformer optifine.OptiFineTransformer@6107165 to Target : PRE_CLASS {Lnet/minecraft/client/renderer/entity/EntityRenderDispatcher;} {} {V}
[19May2025 21:03:36.537] [main/DEBUG] [cpw.mods.modlauncher.TransformStore/MODLAUNCHER]: Adding transformer optifine.OptiFineTransformer@6107165 to Target : PRE_CLASS {Lnet/minecraft/world/level/ChunkPos;} {} {V}
[19May2025 21:03:36.537] [main/DEBUG] [cpw.mods.modlauncher.TransformStore/MODLAUNCHER]: Adding transformer optifine.OptiFineTransformer@6107165 to Target : PRE_CLASS {Lnet/minecraft/world/level/material/MaterialColor;} {} {V}
[19May2025 21:03:36.537] [main/DEBUG] [cpw.mods.modlauncher.TransformStore/MODLAUNCHER]: Adding transformer optifine.OptiFineTransformer@6107165 to Target : PRE_CLASS {Lcom/mojang/blaze3d/systems/RenderSystem$1;} {} {V}
[19May2025 21:03:36.537] [main/DEBUG] [cpw.mods.modlauncher.TransformStore/MODLAUNCHER]: Adding transformer optifine.OptiFineTransformer@6107165 to Target : PRE_CLASS {Lcom/mojang/blaze3d/platform/GlStateManager$DepthState;} {} {V}
[19May2025 21:03:36.538] [main/DEBUG] [cpw.mods.modlauncher.TransformStore/MODLAUNCHER]: Adding transformer optifine.OptiFineTransformer@6107165 to Target : PRE_CLASS {Lnet/minecraft/client/resources/model/ModelBakery;} {} {V}
[19May2025 21:03:36.538] [main/DEBUG] [cpw.mods.modlauncher.TransformStore/MODLAUNCHER]: Adding transformer optifine.OptiFineTransformer@6107165 to Target : PRE_CLASS {Lnet/minecraft/client/KeyboardHandler;} {} {V}
[19May2025 21:03:36.538] [main/DEBUG] [cpw.mods.modlauncher.TransformStore/MODLAUNCHER]: Adding transformer optifine.OptiFineTransformer@6107165 to Target : PRE_CLASS {Lnet/minecraft/client/resources/model/ModelBakery$BlockStateDefinitionException;} {} {V}
[19May2025 21:03:36.538] [main/DEBUG] [cpw.mods.modlauncher.TransformStore/MODLAUNCHER]: Adding transformer optifine.OptiFineTransformer@6107165 to Target : PRE_CLASS {Lnet/minecraft/client/server/IntegratedServer;} {} {V}
[19May2025 21:03:36.538] [main/DEBUG] [cpw.mods.modlauncher.TransformStore/MODLAUNCHER]: Adding transformer optifine.OptiFineTransformer@6107165 to Target : PRE_CLASS {Lnet/minecraft/client/renderer/MultiBufferSource$BufferSource;} {} {V}
[19May2025 21:03:36.539] [main/DEBUG] [cpw.mods.modlauncher.TransformStore/MODLAUNCHER]: Adding transformer optifine.OptiFineTransformer@6107165 to Target : PRE_CLASS {Lnet/minecraft/client/renderer/BlockEntityWithoutLevelRenderer;} {} {V}
[19May2025 21:03:36.539] [main/DEBUG] [cpw.mods.modlauncher.TransformStore/MODLAUNCHER]: Adding transformer optifine.OptiFineTransformer@6107165 to Target : PRE_CLASS {Lnet/minecraft/client/renderer/block/BlockRenderDispatcher;} {} {V}
[19May2025 21:03:36.539] [main/DEBUG] [cpw.mods.modlauncher.TransformStore/MODLAUNCHER]: Adding transformer optifine.OptiFineTransformer@6107165 to Target : PRE_CLASS {Lnet/minecraft/network/protocol/PacketUtils;} {} {V}
[19May2025 21:03:36.539] [main/DEBUG] [cpw.mods.modlauncher.TransformStore/MODLAUNCHER]: Adding transformer optifine.OptiFineTransformer@6107165 to Target : PRE_CLASS {Lnet/minecraft/Util$IdentityStrategy;} {} {V}
[19May2025 21:03:36.539] [main/DEBUG] [cpw.mods.modlauncher.TransformStore/MODLAUNCHER]: Adding transformer optifine.OptiFineTransformer@6107165 to Target : PRE_CLASS {Lnet/minecraft/client/renderer/texture/TextureAtlasSprite$FrameInfo;} {} {V}
[19May2025 21:03:36.539] [main/DEBUG] [cpw.mods.modlauncher.TransformStore/MODLAUNCHER]: Adding transformer optifine.OptiFineTransformer@6107165 to Target : PRE_CLASS {Lnet/minecraft/client/renderer/RenderStateShard$CullStateShard;} {} {V}
[19May2025 21:03:36.539] [main/DEBUG] [cpw.mods.modlauncher.TransformStore/MODLAUNCHER]: Adding transformer optifine.OptiFineTransformer@6107165 to Target : PRE_CLASS {Lnet/minecraft/client/renderer/entity/ItemEntityRenderer;} {} {V}
[19May2025 21:03:36.540] [main/DEBUG] [cpw.mods.modlauncher.TransformStore/MODLAUNCHER]: Adding transformer optifine.OptiFineTransformer@6107165 to Target : PRE_CLASS {Lcom/mojang/blaze3d/vertex/PoseStack;} {} {V}
[19May2025 21:03:36.540] [main/DEBUG] [cpw.mods.modlauncher.TransformStore/MODLAUNCHER]: Adding transformer optifine.OptiFineTransformer@6107165 to Target : PRE_CLASS {Lnet/minecraft/client/renderer/block/ModelBlockRenderer$Cache$2;} {} {V}
[19May2025 21:03:36.540] [main/DEBUG] [cpw.mods.modlauncher.TransformStore/MODLAUNCHER]: Adding transformer optifine.OptiFineTransformer@6107165 to Target : PRE_CLASS {Lnet/minecraft/client/renderer/chunk/VisibilitySet;} {} {V}
[19May2025 21:03:36.541] [main/DEBUG] [cpw.mods.modlauncher.TransformStore/MODLAUNCHER]: Adding transformer optifine.OptiFineTransformer@6107165 to Target : PRE_CLASS {Lnet/minecraft/core/Direction;} {} {V}
[19May2025 21:03:36.541] [main/DEBUG] [cpw.mods.modlauncher.TransformStore/MODLAUNCHER]: Adding transformer optifine.OptiFineTransformer@6107165 to Target : PRE_CLASS {Lcom/mojang/blaze3d/platform/NativeImage;} {} {V}
[19May2025 21:03:36.542] [main/DEBUG] [cpw.mods.modlauncher.TransformStore/MODLAUNCHER]: Adding transformer optifine.OptiFineTransformer@6107165 to Target : PRE_CLASS {Lnet/minecraft/client/OptionInstance$AltEnum;} {} {V}
[19May2025 21:03:36.542] [main/DEBUG] [cpw.mods.modlauncher.TransformStore/MODLAUNCHER]: Adding transformer optifine.OptiFineTransformer@6107165 to Target : PRE_CLASS {Lnet/minecraft/client/renderer/chunk/ChunkRenderDispatcher$RenderChunk$RebuildTask$CompileResults;} {} {V}
[19May2025 21:03:36.542] [main/DEBUG] [cpw.mods.modlauncher.TransformStore/MODLAUNCHER]: Adding transformer optifine.OptiFineTransformer@6107165 to Target : PRE_CLASS {Lnet/minecraft/client/renderer/texture/TextureAtlasSprite$InterpolationData;} {} {V}
[19May2025 21:03:36.542] [main/DEBUG] [cpw.mods.modlauncher.TransformStore/MODLAUNCHER]: Adding transformer optifine.OptiFineTransformer@6107165 to Target : PRE_CLASS {Lnet/minecraft/core/Direction$Axis$3;} {} {V}
[19May2025 21:03:36.543] [main/DEBUG] [cpw.mods.modlauncher.TransformStore/MODLAUNCHER]: Adding transformer optifine.OptiFineTransformer@6107165 to Target : PRE_CLASS {Lcom/mojang/blaze3d/vertex/VertexBuffer;} {} {V}
[19May2025 21:03:36.543] [main/DEBUG] [cpw.mods.modlauncher.TransformStore/MODLAUNCHER]: Adding transformer optifine.OptiFineTransformer@6107165 to Target : PRE_CLASS {Lnet/minecraft/world/level/chunk/LevelChunkSection$BlockCounter;} {} {V}
[19May2025 21:03:36.543] [main/DEBUG] [cpw.mods.modlauncher.TransformStore/MODLAUNCHER]: Adding transformer optifine.OptiFineTransformer@6107165 to Target : PRE_CLASS {Lnet/minecraft/Util$OS$2;} {} {V}
[19May2025 21:03:36.543] [main/DEBUG] [cpw.mods.modlauncher.TransformStore/MODLAUNCHER]: Adding transformer optifine.OptiFineTransformer@6107165 to Target : PRE_CLASS {Lnet/minecraft/client/model/geom/ModelPart$Polygon;} {} {V}
[19May2025 21:03:36.544] [main/DEBUG] [cpw.mods.modlauncher.TransformStore/MODLAUNCHER]: Adding transformer optifine.OptiFineTransformer@6107165 to Target : PRE_CLASS {Lnet/minecraft/client/renderer/block/ModelBlockRenderer$Cache$1;} {} {V}
[19May2025 21:03:36.544] [main/DEBUG] [cpw.mods.modlauncher.TransformStore/MODLAUNCHER]: Adding transformer optifine.OptiFineTransformer@6107165 to Target : PRE_CLASS {Lnet/minecraft/client/renderer/texture/TextureAtlasSprite$Info;} {} {V}
[19May2025 21:03:36.544] [main/DEBUG] [cpw.mods.modlauncher.TransformStore/MODLAUNCHER]: Adding transformer optifine.OptiFineTransformer@6107165 to Target : PRE_CLASS {Lnet/minecraft/client/renderer/entity/layers/MushroomCowMushroomLayer;} {} {V}
[19May2025 21:03:36.544] [main/DEBUG] [cpw.mods.modlauncher.TransformStore/MODLAUNCHER]: Adding transformer optifine.OptiFineTransformer@6107165 to Target : PRE_CLASS {Lcom/mojang/blaze3d/shaders/Program;} {} {V}
[19May2025 21:03:36.545] [main/DEBUG] [cpw.mods.modlauncher.TransformStore/MODLAUNCHER]: Adding transformer optifine.OptiFineTransformer@6107165 to Target : PRE_CLASS {Lcom/mojang/blaze3d/vertex/SheetedDecalTextureGenerator;} {} {V}
[19May2025 21:03:36.545] [main/DEBUG] [cpw.mods.modlauncher.TransformStore/MODLAUNCHER]: Adding transformer optifine.OptiFineTransformer@6107165 to Target : PRE_CLASS {Lnet/minecraft/world/level/lighting/DynamicGraphMinFixedPoint$2;} {} {V}
[19May2025 21:03:36.545] [main/DEBUG] [cpw.mods.modlauncher.TransformStore/MODLAUNCHER]: Adding transformer optifine.OptiFineTransformer@6107165 to Target : PRE_CLASS {Lnet/minecraft/Util$2;} {} {V}
[19May2025 21:03:36.546] [main/DEBUG] [cpw.mods.modlauncher.TransformStore/MODLAUNCHER]: Adding transformer optifine.OptiFineTransformer@6107165 to Target : PRE_CLASS {Lnet/minecraft/client/GuiMessage;} {} {V}
[19May2025 21:03:36.546] [main/DEBUG] [cpw.mods.modlauncher.TransformStore/MODLAUNCHER]: Adding transformer optifine.OptiFineTransformer@6107165 to Target : PRE_CLASS {Lnet/minecraft/world/level/levelgen/blending/Blender$1;} {} {V}
[19May2025 21:03:36.546] [main/DEBUG] [cpw.mods.modlauncher.TransformStore/MODLAUNCHER]: Adding transformer optifine.OptiFineTransformer@6107165 to Target : PRE_CLASS {Lnet/minecraft/client/model/geom/ModelPart$Cube;} {} {V}
[19May2025 21:03:36.546] [main/DEBUG] [cpw.mods.modlauncher.TransformStore/MODLAUNCHER]: Adding transformer optifine.OptiFineTransformer@6107165 to Target : PRE_CLASS {Lnet/minecraft/client/model/geom/ModelPart$Vertex;} {} {V}
[19May2025 21:03:36.546] [main/DEBUG] [cpw.mods.modlauncher.TransformStore/MODLAUNCHER]: Adding transformer optifine.OptiFineTransformer@6107165 to Target : PRE_CLASS {Lnet/minecraft/client/renderer/LightTexture;} {} {V}
[19May2025 21:03:36.546] [main/DEBUG] [cpw.mods.modlauncher.TransformStore/MODLAUNCHER]: Adding transformer optifine.OptiFineTransformer@6107165 to Target : PRE_CLASS {Lnet/minecraft/Util$5;} {} {V}
[19May2025 21:03:36.546] [main/DEBUG] [cpw.mods.modlauncher.TransformStore/MODLAUNCHER]: Adding transformer optifine.OptiFineTransformer@6107165 to Target : PRE_CLASS {Lnet/minecraft/core/Direction$Axis;} {} {V}
[19May2025 21:03:36.546] [main/DEBUG] [cpw.mods.modlauncher.TransformStore/MODLAUNCHER]: Adding transformer optifine.OptiFineTransformer@6107165 to Target : PRE_CLASS {Lnet/minecraft/client/OptionInstance$CycleableValueSet;} {} {V}
[19May2025 21:03:36.546] [main/DEBUG] [cpw.mods.modlauncher.TransformStore/MODLAUNCHER]: Adding transformer optifine.OptiFineTransformer@6107165 to Target : PRE_CLASS {Lnet/minecraft/client/Options$4;} {} {V}
[19May2025 21:03:36.547] [main/DEBUG] [cpw.mods.modlauncher.TransformStore/MODLAUNCHER]: Adding transformer optifine.OptiFineTransformer@6107165 to Target : PRE_CLASS {Lnet/minecraft/client/renderer/RenderStateShard$TexturingStateShard;} {} {V}
[19May2025 21:03:36.547] [main/DEBUG] [cpw.mods.modlauncher.TransformStore/MODLAUNCHER]: Adding transformer optifine.OptiFineTransformer@6107165 to Target : PRE_CLASS {Lnet/minecraft/client/OptionInstance$SliderableOrCyclableValueSet;} {} {V}
[19May2025 21:03:36.547] [main/DEBUG] [cpw.mods.modlauncher.TransformStore/MODLAUNCHER]: Adding transformer optifine.OptiFineTransformer@6107165 to Target : PRE_CLASS {Lnet/minecraft/world/item/alchemy/PotionUtils;} {} {V}
[19May2025 21:03:36.547] [main/DEBUG] [cpw.mods.modlauncher.TransformStore/MODLAUNCHER]: Adding transformer optifine.OptiFineTransformer@6107165 to Target : PRE_CLASS {Lnet/minecraft/client/renderer/RenderStateShard$LightmapStateShard;} {} {V}
[19May2025 21:03:36.547] [main/DEBUG] [cpw.mods.modlauncher.TransformStore/MODLAUNCHER]: Adding transformer optifine.OptiFineTransformer@6107165 to Target : PRE_CLASS {Lnet/minecraft/server/level/DistanceManager$FixedPlayerDistanceChunkTracker;} {} {V}
[19May2025 21:03:36.547] [main/DEBUG] [cpw.mods.modlauncher.TransformStore/MODLAUNCHER]: Adding transformer optifine.OptiFineTransformer@6107165 to Target : PRE_CLASS {Lnet/minecraft/client/gui/font/glyphs/BakedGlyph$Effect;} {} {V}
[19May2025 21:03:36.547] [main/DEBUG] [cpw.mods.modlauncher.TransformStore/MODLAUNCHER]: Adding transformer optifine.OptiFineTransformer@6107165 to Target : PRE_CLASS {Lnet/minecraft/client/renderer/RenderStateShard$OverlayStateShard;} {} {V}
[19May2025 21:03:36.547] [main/DEBUG] [cpw.mods.modlauncher.TransformStore/MODLAUNCHER]: Adding transformer optifine.OptiFineTransformer@6107165 to Target : PRE_CLASS {Lnet/minecraft/client/renderer/SpriteCoordinateExpander;} {} {V}
[19May2025 21:03:36.548] [main/DEBUG] [cpw.mods.modlauncher.TransformStore/MODLAUNCHER]: Adding transformer optifine.OptiFineTransformer@6107165 to Target : PRE_CLASS {Lnet/minecraft/client/renderer/entity/layers/CatCollarLayer;} {} {V}
[19May2025 21:03:36.553] [main/DEBUG] [cpw.mods.modlauncher.TransformStore/MODLAUNCHER]: Adding transformer optifine.OptiFineTransformer@6107165 to Target : PRE_CLASS {Lcom/mojang/blaze3d/platform/GlStateManager$BlendState;} {} {V}
[19May2025 21:03:36.553] [main/DEBUG] [cpw.mods.modlauncher.TransformStore/MODLAUNCHER]: Adding transformer optifine.OptiFineTransformer@6107165 to Target : PRE_CLASS {Lnet/minecraft/client/renderer/entity/layers/SaddleLayer;} {} {V}
[19May2025 21:03:36.553] [main/DEBUG] [cpw.mods.modlauncher.TransformStore/MODLAUNCHER]: Adding transformer optifine.OptiFineTransformer@6107165 to Target : PRE_CLASS {Lnet/minecraft/network/syncher/SynchedEntityData;} {} {V}
[19May2025 21:03:36.553] [main/DEBUG] [cpw.mods.modlauncher.TransformStore/MODLAUNCHER]: Adding transformer optifine.OptiFineTransformer@6107165 to Target : PRE_CLASS {Lcom/mojang/blaze3d/vertex/BufferBuilder$1;} {} {V}
[19May2025 21:03:36.553] [main/DEBUG] [cpw.mods.modlauncher.TransformStore/MODLAUNCHER]: Adding transformer optifine.OptiFineTransformer@6107165 to Target : PRE_CLASS {Lcom/mojang/blaze3d/vertex/VertexMultiConsumer$Multiple;} {} {V}
[19May2025 21:03:36.553] [main/DEBUG] [cpw.mods.modlauncher.TransformStore/MODLAUNCHER]: Adding transformer optifine.OptiFineTransformer@6107165 to Target : PRE_CLASS {Lnet/minecraft/client/renderer/RenderType$CompositeRenderType;} {} {V}
[19May2025 21:03:36.553] [main/DEBUG] [cpw.mods.modlauncher.TransformStore/MODLAUNCHER]: Adding transformer optifine.OptiFineTransformer@6107165 to Target : PRE_CLASS {Lnet/minecraft/client/gui/screens/LoadingOverlay$LogoTexture;} {} {V}
[19May2025 21:03:36.554] [main/DEBUG] [cpw.mods.modlauncher.TransformStore/MODLAUNCHER]: Adding transformer optifine.OptiFineTransformer@6107165 to Target : PRE_CLASS {Lnet/minecraft/client/gui/components/DebugScreenOverlay;} {} {V}
[19May2025 21:03:36.554] [main/DEBUG] [cpw.mods.modlauncher.TransformStore/MODLAUNCHER]: Adding transformer optifine.OptiFineTransformer@6107165 to Target : PRE_CLASS {Lnet/minecraft/world/level/ChunkPos$1;} {} {V}
[19May2025 21:03:36.554] [main/DEBUG] [cpw.mods.modlauncher.TransformStore/MODLAUNCHER]: Adding transformer optifine.OptiFineTransformer@6107165 to Target : PRE_CLASS {Lnet/minecraft/client/renderer/block/model/ItemOverrides$PropertyMatcher;} {} {V}
[19May2025 21:03:36.554] [main/DEBUG] [cpw.mods.modlauncher.TransformStore/MODLAUNCHER]: Adding transformer optifine.OptiFineTransformer@6107165 to Target : PRE_CLASS {Lcom/mojang/blaze3d/platform/GlDebug$LogEntry;} {} {V}
[19May2025 21:03:36.554] [main/DEBUG] [cpw.mods.modlauncher.TransformStore/MODLAUNCHER]: Adding transformer optifine.OptiFineTransformer@6107165 to Target : PRE_CLASS {Lnet/minecraft/client/multiplayer/ClientChunkCache$Storage;} {} {V}
[19May2025 21:03:36.554] [main/DEBUG] [cpw.mods.modlauncher.TransformStore/MODLAUNCHER]: Adding transformer optifine.OptiFineTransformer@6107165 to Target : PRE_CLASS {Lcom/mojang/blaze3d/platform/GlStateManager$PolygonOffsetState;} {} {V}
[19May2025 21:03:36.554] [main/DEBUG] [cpw.mods.modlauncher.TransformStore/MODLAUNCHER]: Adding transformer optifine.OptiFineTransformer@6107165 to Target : PRE_CLASS {Lnet/minecraft/server/level/DistanceManager;} {} {V}
[19May2025 21:03:36.555] [main/DEBUG] [cpw.mods.modlauncher.TransformStore/MODLAUNCHER]: Adding transformer optifine.OptiFineTransformer@6107165 to Target : PRE_CLASS {Lnet/minecraft/client/OptionInstance$UnitDouble;} {} {V}
[19May2025 21:03:36.563] [main/DEBUG] [cpw.mods.modlauncher.TransformStore/MODLAUNCHER]: Adding transformer optifine.OptiFineTransformer@6107165 to Target : PRE_CLASS {Lnet/minecraft/client/renderer/entity/LivingEntityRenderer$1;} {} {V}
[19May2025 21:03:36.563] [main/DEBUG] [cpw.mods.modlauncher.TransformStore/MODLAUNCHER]: Adding transformer optifine.OptiFineTransformer@6107165 to Target : PRE_CLASS {Lcom/mojang/blaze3d/platform/GlStateManager$StencilState;} {} {V}
[19May2025 21:03:36.563] [main/DEBUG] [cpw.mods.modlauncher.TransformStore/MODLAUNCHER]: Adding transformer optifine.OptiFineTransformer@6107165 to Target : PRE_CLASS {Lnet/minecraft/client/renderer/entity/layers/WardenEmissiveLayer$AlphaFunction;} {} {V}
[19May2025 21:03:36.563] [main/DEBUG] [cpw.mods.modlauncher.TransformStore/MODLAUNCHER]: Adding transformer optifine.OptiFineTransformer@6107165 to Target : PRE_CLASS {Lnet/minecraft/client/renderer/blockentity/SignRenderer;} {} {V}
[19May2025 21:03:36.563] [main/DEBUG] [cpw.mods.modlauncher.TransformStore/MODLAUNCHER]: Adding transformer optifine.OptiFineTransformer@6107165 to Target : PRE_CLASS {Lnet/minecraft/client/gui/screens/VideoSettingsScreen;} {} {V}
[19May2025 21:03:36.563] [main/DEBUG] [cpw.mods.modlauncher.TransformStore/MODLAUNCHER]: Adding transformer optifine.OptiFineTransformer@6107165 to Target : PRE_CLASS {Lnet/minecraft/client/renderer/chunk/ChunkRenderDispatcher$RenderChunk$RebuildTask;} {} {V}
[19May2025 21:03:36.564] [main/DEBUG] [cpw.mods.modlauncher.TransformStore/MODLAUNCHER]: Adding transformer optifine.OptiFineTransformer@6107165 to Target : PRE_CLASS {Lnet/minecraft/client/renderer/block/ModelBlockRenderer;} {} {V}
[19May2025 21:03:36.566] [main/DEBUG] [cpw.mods.modlauncher.TransformStore/MODLAUNCHER]: Adding transformer optifine.OptiFineTransformer@6107165 to Target : PRE_CLASS {Lnet/minecraft/client/renderer/LevelRenderer$TransparencyShaderException;} {} {V}
[19May2025 21:03:36.569] [main/DEBUG] [cpw.mods.modlauncher.TransformStore/MODLAUNCHER]: Adding transformer optifine.OptiFineTransformer@6107165 to Target : PRE_CLASS {Lnet/minecraft/client/renderer/texture/SimpleTexture;} {} {V}
[19May2025 21:03:36.569] [main/DEBUG] [cpw.mods.modlauncher.TransformStore/MODLAUNCHER]: Adding transformer optifine.OptiFineTransformer@6107165 to Target : PRE_CLASS {Lnet/minecraft/client/gui/screens/LoadingOverlay;} {} {V}
[19May2025 21:03:36.569] [main/DEBUG] [cpw.mods.modlauncher.TransformStore/MODLAUNCHER]: Adding transformer optifine.OptiFineTransformer@6107165 to Target : PRE_CLASS {Lcom/mojang/blaze3d/platform/GlStateManager$ColorMask;} {} {V}
[19May2025 21:03:36.571] [main/DEBUG] [cpw.mods.modlauncher.TransformStore/MODLAUNCHER]: Adding transformer optifine.OptiFineTransformer@6107165 to Target : PRE_CLASS {Lnet/minecraft/client/particle/ParticleEngine$MutableSpriteSet;} {} {V}
[19May2025 21:03:36.571] [main/DEBUG] [cpw.mods.modlauncher.TransformStore/MODLAUNCHER]: Adding transformer optifine.OptiFineTransformer@6107165 to Target : PRE_CLASS {Lnet/minecraft/client/renderer/entity/MobRenderer;} {} {V}
[19May2025 21:03:36.572] [main/DEBUG] [cpw.mods.modlauncher.TransformStore/MODLAUNCHER]: Adding transformer optifine.OptiFineTransformer@6107165 to Target : PRE_CLASS {Lcom/mojang/blaze3d/platform/GLX;} {} {V}
[19May2025 21:03:36.572] [main/DEBUG] [cpw.mods.modlauncher.TransformStore/MODLAUNCHER]: Adding transformer optifine.OptiFineTransformer@6107165 to Target : PRE_CLASS {Lnet/minecraft/client/resources/metadata/animation/AnimationMetadataSection;} {} {V}
[19May2025 21:03:36.572] [main/DEBUG] [cpw.mods.modlauncher.TransformStore/MODLAUNCHER]: Adding transformer optifine.OptiFineTransformer@6107165 to Target : PRE_CLASS {Lnet/minecraft/client/renderer/chunk/ChunkRenderDispatcher$RenderChunk$ResortTransparencyTask;} {} {V}
[19May2025 21:03:36.572] [main/DEBUG] [cpw.mods.modlauncher.TransformStore/MODLAUNCHER]: Adding transformer optifine.OptiFineTransformer@6107165 to Target : PRE_CLASS {Lnet/minecraft/world/level/entity/EntitySection;} {} {V}
[19May2025 21:03:36.572] [main/DEBUG] [cpw.mods.modlauncher.TransformStore/MODLAUNCHER]: Adding transformer optifine.OptiFineTransformer@6107165 to Target : PRE_CLASS {Lnet/minecraft/client/OptionInstance$IntRangeBase$1;} {} {V}
[19May2025 21:03:36.572] [main/DEBUG] [cpw.mods.modlauncher.TransformStore/MODLAUNCHER]: Adding transformer optifine.OptiFineTransformer@6107165 to Target : PRE_CLASS {Lcom/mojang/blaze3d/pipeline/RenderTarget;} {} {V}
[19May2025 21:03:36.572] [main/DEBUG] [cpw.mods.modlauncher.TransformStore/MODLAUNCHER]: Adding transformer optifine.OptiFineTransformer@6107165 to Target : PRE_CLASS {Lnet/minecraft/client/renderer/texture/Stitcher$Holder;} {} {V}
[19May2025 21:03:36.572] [main/DEBUG] [cpw.mods.modlauncher.TransformStore/MODLAUNCHER]: Adding transformer optifine.OptiFineTransformer@6107165 to Target : PRE_CLASS {Lnet/minecraft/client/gui/screens/ProgressScreen;} {} {V}
[19May2025 21:03:36.572] [main/DEBUG] [cpw.mods.modlauncher.TransformStore/MODLAUNCHER]: Adding transformer optifine.OptiFineTransformer@6107165 to Target : PRE_CLASS {Lnet/minecraft/client/renderer/FogRenderer$FogMode;} {} {V}
[19May2025 21:03:36.573] [main/DEBUG] [cpw.mods.modlauncher.TransformStore/MODLAUNCHER]: Adding transformer optifine.OptiFineTransformer@6107165 to Target : PRE_CLASS {Lnet/minecraft/client/renderer/LevelRenderer;} {} {V}
[19May2025 21:03:36.573] [main/DEBUG] [cpw.mods.modlauncher.TransformStore/MODLAUNCHER]: Adding transformer optifine.OptiFineTransformer@6107165 to Target : PRE_CLASS {Lcom/mojang/blaze3d/vertex/BufferBuilder$RenderedBuffer;} {} {V}
[19May2025 21:03:36.573] [main/DEBUG] [cpw.mods.modlauncher.TransformStore/MODLAUNCHER]: Adding transformer optifine.OptiFineTransformer@6107165 to Target : PRE_CLASS {Lnet/minecraft/client/particle/ItemPickupParticle;} {} {V}
[19May2025 21:03:36.573] [main/DEBUG] [cpw.mods.modlauncher.TransformStore/MODLAUNCHER]: Adding transformer optifine.OptiFineTransformer@6107165 to Target : PRE_CLASS {Lnet/minecraft/client/OptionInstance$TooltipSupplierFactory;} {} {V}
[19May2025 21:03:36.573] [main/DEBUG] [cpw.mods.modlauncher.TransformStore/MODLAUNCHER]: Adding transformer optifine.OptiFineTransformer@6107165 to Target : PRE_CLASS {Lcom/mojang/blaze3d/platform/GlStateManager$ColorLogicState;} {} {V}
[19May2025 21:03:36.573] [main/DEBUG] [cpw.mods.modlauncher.TransformStore/MODLAUNCHER]: Adding transformer optifine.OptiFineTransformer@6107165 to Target : PRE_CLASS {Lnet/minecraft/client/gui/screens/TitleScreen;} {} {V}
[19May2025 21:03:36.573] [main/DEBUG] [cpw.mods.modlauncher.TransformStore/MODLAUNCHER]: Adding transformer optifine.OptiFineTransformer@6107165 to Target : PRE_CLASS {Lcom/mojang/blaze3d/platform/GlStateManager$TextureState;} {} {V}
[19May2025 21:03:36.573] [main/DEBUG] [cpw.mods.modlauncher.TransformStore/MODLAUNCHER]: Adding transformer optifine.OptiFineTransformer@6107165 to Target : PRE_CLASS {Lcom/mojang/blaze3d/vertex/VertexMultiConsumer$Double;} {} {V}
[19May2025 21:03:36.573] [main/DEBUG] [cpw.mods.modlauncher.TransformStore/MODLAUNCHER]: Adding transformer optifine.OptiFineTransformer@6107165 to Target : PRE_CLASS {Lnet/minecraft/client/renderer/MultiBufferSource;} {} {V}
[19May2025 21:03:36.573] [main/DEBUG] [cpw.mods.modlauncher.TransformStore/MODLAUNCHER]: Adding transformer optifine.OptiFineTransformer@6107165 to Target : PRE_CLASS {Lnet/minecraft/client/gui/components/BossHealthOverlay;} {} {V}
[19May2025 21:03:36.574] [main/DEBUG] [cpw.mods.modlauncher.TransformStore/MODLAUNCHER]: Adding transformer optifine.OptiFineTransformer@6107165 to Target : PRE_CLASS {Lnet/minecraft/client/renderer/entity/layers/CreeperPowerLayer;} {} {V}
[19May2025 21:03:36.577] [main/DEBUG] [cpw.mods.modlauncher.TransformStore/MODLAUNCHER]: Adding transformer optifine.OptiFineTransformer@6107165 to Target : PRE_CLASS {Lnet/minecraft/client/renderer/LevelRenderer$RenderInfoMap;} {} {V}
[19May2025 21:03:36.577] [main/DEBUG] [cpw.mods.modlauncher.TransformStore/MODLAUNCHER]: Adding transformer optifine.OptiFineTransformer@6107165 to Target : PRE_CLASS {Lnet/minecraft/world/entity/Mob$1;} {} {V}
[19May2025 21:03:36.578] [main/DEBUG] [cpw.mods.modlauncher.TransformStore/MODLAUNCHER]: Adding transformer optifine.OptiFineTransformer@6107165 to Target : PRE_CLASS {Lnet/minecraft/client/renderer/entity/layers/HumanoidArmorLayer$1;} {} {V}
[19May2025 21:03:36.578] [main/DEBUG] [cpw.mods.modlauncher.TransformStore/MODLAUNCHER]: Adding transformer optifine.OptiFineTransformer@6107165 to Target : PRE_CLASS {Lnet/minecraft/client/resources/model/ModelBakery$ModelGroupKey;} {} {V}
[19May2025 21:03:36.578] [main/DEBUG] [cpw.mods.modlauncher.TransformStore/MODLAUNCHER]: Adding transformer optifine.OptiFineTransformer@6107165 to Target : PRE_CLASS {Lnet/minecraft/world/level/lighting/DynamicGraphMinFixedPoint;} {} {V}
[19May2025 21:03:36.579] [main/DEBUG] [cpw.mods.modlauncher.TransformStore/MODLAUNCHER]: Adding transformer optifine.OptiFineTransformer@6107165 to Target : PRE_CLASS {Lcom/mojang/blaze3d/platform/Monitor;} {} {V}
[19May2025 21:03:36.579] [main/DEBUG] [cpw.mods.modlauncher.TransformStore/MODLAUNCHER]: Adding transformer optifine.OptiFineTransformer@6107165 to Target : PRE_CLASS {Lnet/minecraft/client/renderer/block/ModelBlockRenderer$SizeInfo;} {} {V}
[19May2025 21:03:36.579] [main/DEBUG] [cpw.mods.modlauncher.TransformStore/MODLAUNCHER]: Adding transformer optifine.OptiFineTransformer@6107165 to Target : PRE_CLASS {Lnet/minecraft/client/renderer/FogRenderer;} {} {V}
[19May2025 21:03:36.579] [main/DEBUG] [cpw.mods.modlauncher.TransformStore/MODLAUNCHER]: Adding transformer optifine.OptiFineTransformer@6107165 to Target : PRE_CLASS {Lnet/minecraft/client/renderer/block/ModelBlockRenderer$1;} {} {V}
[19May2025 21:03:36.579] [main/DEBUG] [cpw.mods.modlauncher.TransformStore/MODLAUNCHER]: Adding transformer optifine.OptiFineTransformer@6107165 to Target : PRE_CLASS {Lcom/mojang/math/Matrix4f;} {} {V}
[19May2025 21:03:36.581] [main/DEBUG] [cpw.mods.modlauncher.TransformStore/MODLAUNCHER]: Adding transformer optifine.OptiFineTransformer@6107165 to Target : PRE_CLASS {Lnet/minecraft/client/renderer/texture/HttpTexture;} {} {V}
[19May2025 21:03:36.581] [main/DEBUG] [cpw.mods.modlauncher.TransformStore/MODLAUNCHER]: Adding transformer optifine.OptiFineTransformer@6107165 to Target : PRE_CLASS {Lnet/minecraft/client/renderer/entity/layers/DrownedOuterLayer;} {} {V}
[19May2025 21:03:36.581] [main/DEBUG] [cpw.mods.modlauncher.TransformStore/MODLAUNCHER]: Adding transformer optifine.OptiFineTransformer@6107165 to Target : PRE_CLASS {Lnet/minecraft/client/gui/components/CycleButton$ValueListSupplier$1;} {} {V}
[19May2025 21:03:36.581] [main/DEBUG] [cpw.mods.modlauncher.TransformStore/MODLAUNCHER]: Adding transformer optifine.OptiFineTransformer@6107165 to Target : PRE_CLASS {Lnet/minecraft/client/renderer/entity/LivingEntityRenderer;} {} {V}
[19May2025 21:03:36.581] [main/DEBUG] [cpw.mods.modlauncher.TransformStore/MODLAUNCHER]: Adding transformer optifine.OptiFineTransformer@6107165 to Target : PRE_CLASS {Lnet/minecraft/client/renderer/ItemInHandRenderer$HandRenderSelection;} {} {V}
[19May2025 21:03:36.581] [main/DEBUG] [cpw.mods.modlauncher.TransformStore/MODLAUNCHER]: Adding transformer optifine.OptiFineTransformer@6107165 to Target : PRE_CLASS {Lnet/minecraft/server/level/ChunkMap$TrackedEntity;} {} {V}
[19May2025 21:03:36.583] [main/DEBUG] [cpw.mods.modlauncher.TransformStore/MODLAUNCHER]: Adding transformer optifine.OptiFineTransformer@6107165 to Target : PRE_CLASS {Lnet/minecraft/client/ClientTelemetryManager$1;} {} {V}
[19May2025 21:03:36.583] [main/DEBUG] [cpw.mods.modlauncher.TransformStore/MODLAUNCHER]: Adding transformer optifine.OptiFineTransformer@6107165 to Target : PRE_CLASS {Lnet/minecraft/Util$OS;} {} {V}
[19May2025 21:03:36.585] [main/DEBUG] [cpw.mods.modlauncher.TransformStore/MODLAUNCHER]: Adding transformer optifine.OptiFineTransformer@6107165 to Target : PRE_CLASS {Lnet/minecraft/client/OptionInstance$IntRangeBase;} {} {V}
[19May2025 21:03:36.585] [main/DEBUG] [cpw.mods.modlauncher.TransformStore/MODLAUNCHER]: Adding transformer optifine.OptiFineTransformer@6107165 to Target : PRE_CLASS {Lnet/minecraft/client/gui/screens/TitleScreen$1;} {} {V}
[19May2025 21:03:36.585] [main/DEBUG] [cpw.mods.modlauncher.TransformStore/MODLAUNCHER]: Adding transformer optifine.OptiFineTransformer@6107165 to Target : PRE_CLASS {Lcom/mojang/blaze3d/platform/GlStateManager$SourceFactor;} {} {V}
[19May2025 21:03:36.585] [main/DEBUG] [cpw.mods.modlauncher.TransformStore/MODLAUNCHER]: Adding transformer optifine.OptiFineTransformer@6107165 to Target : PRE_CLASS {Lnet/minecraft/client/renderer/blockentity/BlockEntityRenderDispatcher;} {} {V}
[19May2025 21:03:36.585] [main/DEBUG] [cpw.mods.modlauncher.TransformStore/MODLAUNCHER]: Adding transformer optifine.OptiFineTransformer@6107165 to Target : PRE_CLASS {Lnet/minecraft/client/renderer/entity/layers/EyesLayer;} {} {V}
[19May2025 21:03:36.585] [main/DEBUG] [cpw.mods.modlauncher.TransformStore/MODLAUNCHER]: Adding transformer optifine.OptiFineTransformer@6107165 to Target : PRE_CLASS {Lnet/minecraft/server/level/ChunkMap;} {} {V}
[19May2025 21:03:36.587] [main/DEBUG] [cpw.mods.modlauncher.TransformStore/MODLAUNCHER]: Adding transformer optifine.OptiFineTransformer@6107165 to Target : PRE_CLASS {Lnet/minecraft/util/ClassInstanceMultiMap;} {} {V}
[19May2025 21:03:36.587] [main/DEBUG] [cpw.mods.modlauncher.TransformStore/MODLAUNCHER]: Adding transformer optifine.OptiFineTransformer@6107165 to Target : PRE_CLASS {Lnet/minecraft/client/model/geom/ModelPart;} {} {V}
[19May2025 21:03:36.587] [main/DEBUG] [cpw.mods.modlauncher.TransformStore/MODLAUNCHER]: Adding transformer optifine.OptiFineTransformer@6107165 to Target : PRE_CLASS {Lnet/minecraft/client/renderer/RenderType$CompositeState$CompositeStateBuilder;} {} {V}
[19May2025 21:03:36.587] [main/DEBUG] [cpw.mods.modlauncher.TransformStore/MODLAUNCHER]: Adding transformer optifine.OptiFineTransformer@6107165 to Target : PRE_CLASS {Lnet/minecraft/client/renderer/EffectInstance;} {} {V}
[19May2025 21:03:36.587] [main/DEBUG] [cpw.mods.modlauncher.TransformStore/MODLAUNCHER]: Adding transformer optifine.OptiFineTransformer@6107165 to Target : PRE_CLASS {Lnet/minecraft/client/renderer/block/model/BakedQuad;} {} {V}
[19May2025 21:03:36.587] [main/DEBUG] [cpw.mods.modlauncher.TransformStore/MODLAUNCHER]: Adding transformer optifine.OptiFineTransformer@6107165 to Target : PRE_CLASS {Lcom/mojang/blaze3d/platform/GlStateManager$LogicOp;} {} {V}
[19May2025 21:03:36.587] [main/DEBUG] [cpw.mods.modlauncher.TransformStore/MODLAUNCHER]: Adding transformer optifine.OptiFineTransformer@6107165 to Target : PRE_CLASS {Lnet/minecraft/client/renderer/entity/EntityRenderers;} {} {V}
[19May2025 21:03:36.587] [main/DEBUG] [cpw.mods.modlauncher.TransformStore/MODLAUNCHER]: Adding transformer optifine.OptiFineTransformer@6107165 to Target : PRE_CLASS {Lnet/minecraft/client/gui/components/CycleButton$ValueListSupplier;} {} {V}
[19May2025 21:03:36.587] [main/DEBUG] [cpw.mods.modlauncher.TransformStore/MODLAUNCHER]: Adding transformer optifine.OptiFineTransformer@6107165 to Target : PRE_CLASS {Lcom/mojang/blaze3d/platform/GlStateManager$StencilFunc;} {} {V}
[19May2025 21:03:36.588] [main/DEBUG] [cpw.mods.modlauncher.TransformStore/MODLAUNCHER]: Adding transformer optifine.OptiFineTransformer@6107165 to Target : PRE_CLASS {Lcom/mojang/blaze3d/vertex/BufferBuilder;} {} {V}
[19May2025 21:03:36.593] [main/DEBUG] [cpw.mods.modlauncher.TransformStore/MODLAUNCHER]: Adding transformer optifine.OptiFineTransformer@6107165 to Target : PRE_CLASS {Lnet/minecraft/world/entity/EntityEvent;} {} {V}
[19May2025 21:03:36.593] [main/DEBUG] [cpw.mods.modlauncher.TransformStore/MODLAUNCHER]: Adding transformer optifine.OptiFineTransformer@6107165 to Target : PRE_CLASS {Lnet/minecraft/client/particle/Particle;} {} {V}
[19May2025 21:03:36.593] [main/DEBUG] [cpw.mods.modlauncher.TransformStore/MODLAUNCHER]: Adding transformer optifine.OptiFineTransformer@6107165 to Target : PRE_CLASS {Lnet/minecraft/world/level/block/state/BlockState;} {} {V}
[19May2025 21:03:36.593] [main/DEBUG] [cpw.mods.modlauncher.TransformStore/MODLAUNCHER]: Adding transformer optifine.OptiFineTransformer@6107165 to Target : PRE_CLASS {Lnet/minecraft/client/gui/font/glyphs/BakedGlyph;} {} {V}
[19May2025 21:03:36.593] [main/DEBUG] [cpw.mods.modlauncher.TransformStore/MODLAUNCHER]: Adding transformer optifine.OptiFineTransformer@6107165 to Target : PRE_CLASS {Lnet/minecraft/client/resources/metadata/animation/AnimationMetadataSection$1;} {} {V}
[19May2025 21:03:36.594] [main/DEBUG] [cpw.mods.modlauncher.TransformStore/MODLAUNCHER]: Adding transformer optifine.OptiFineTransformer@6107165 to Target : PRE_CLASS {Lnet/minecraft/client/renderer/RenderStateShard$EmptyTextureStateShard;} {} {V}
[19May2025 21:03:36.594] [main/DEBUG] [cpw.mods.modlauncher.TransformStore/MODLAUNCHER]: Adding transformer optifine.OptiFineTransformer@6107165 to Target : PRE_CLASS {Lnet/minecraft/world/level/material/Material$Builder;} {} {V}
[19May2025 21:03:36.594] [main/DEBUG] [cpw.mods.modlauncher.TransformStore/MODLAUNCHER]: Adding transformer optifine.OptiFineTransformer@6107165 to Target : PRE_CLASS {Lnet/minecraft/client/multiplayer/ClientLevel$ClientLevelData;} {} {V}
[19May2025 21:03:36.594] [main/DEBUG] [cpw.mods.modlauncher.TransformStore/MODLAUNCHER]: Adding transformer optifine.OptiFineTransformer@6107165 to Target : PRE_CLASS {Lcom/mojang/blaze3d/systems/RenderSystem$AutoStorageIndexBuffer;} {} {V}
[19May2025 21:03:36.594] [main/DEBUG] [cpw.mods.modlauncher.TransformStore/MODLAUNCHER]: Adding transformer optifine.OptiFineTransformer@6107165 to Target : PRE_CLASS {Lnet/minecraft/world/level/material/Material;} {} {V}
[19May2025 21:03:36.594] [main/DEBUG] [cpw.mods.modlauncher.TransformStore/MODLAUNCHER]: Adding transformer optifine.OptiFineTransformer@6107165 to Target : PRE_CLASS {Lnet/minecraft/client/renderer/entity/layers/WitherArmorLayer;} {} {V}
[19May2025 21:03:36.594] [main/DEBUG] [cpw.mods.modlauncher.TransformStore/MODLAUNCHER]: Adding transformer optifine.OptiFineTransformer@6107165 to Target : PRE_CLASS {Lcom/mojang/blaze3d/platform/PngInfo$StbReader;} {} {V}
[19May2025 21:03:36.594] [main/DEBUG] [cpw.mods.modlauncher.TransformStore/MODLAUNCHER]: Adding transformer optifine.OptiFineTransformer@6107165 to Target : PRE_CLASS {Lnet/minecraft/client/OptionInstance$SliderableValueSet;} {} {V}
[19May2025 21:03:36.594] [main/DEBUG] [cpw.mods.modlauncher.TransformStore/MODLAUNCHER]: Adding transformer optifine.OptiFineTransformer@6107165 to Target : PRE_CLASS {Lnet/minecraft/client/renderer/entity/layers/WolfCollarLayer;} {} {V}
[19May2025 21:03:36.594] [main/DEBUG] [cpw.mods.modlauncher.TransformStore/MODLAUNCHER]: Adding transformer optifine.OptiFineTransformer@6107165 to Target : PRE_CLASS {Lnet/minecraft/client/resources/model/BakedModel;} {} {V}
[19May2025 21:03:36.607] [main/DEBUG] [cpw.mods.modlauncher.TransformStore/MODLAUNCHER]: Adding transformer optifine.OptiFineTransformer@6107165 to Target : PRE_CLASS {Lnet/minecraft/client/renderer/LevelRenderer$RenderChunkInfo;} {} {V}
[19May2025 21:03:36.608] [main/DEBUG] [cpw.mods.modlauncher.TransformStore/MODLAUNCHER]: Adding transformer optifine.OptiFineTransformer@6107165 to Target : PRE_CLASS {Lnet/minecraft/util/thread/BlockableEventLoop;} {} {V}
[19May2025 21:03:36.608] [main/DEBUG] [cpw.mods.modlauncher.TransformStore/MODLAUNCHER]: Adding transformer optifine.OptiFineTransformer@6107165 to Target : PRE_CLASS {Lcom/mojang/blaze3d/vertex/VertexFormat$IndexType;} {} {V}
[19May2025 21:03:36.609] [main/DEBUG] [cpw.mods.modlauncher.TransformStore/MODLAUNCHER]: Adding transformer optifine.OptiFineTransformer@6107165 to Target : PRE_CLASS {Lcom/mojang/blaze3d/vertex/VertexFormat$1;} {} {V}
[19May2025 21:03:36.609] [main/DEBUG] [cpw.mods.modlauncher.TransformStore/MODLAUNCHER]: Adding transformer optifine.OptiFineTransformer@6107165 to Target : PRE_CLASS {Lnet/minecraft/client/gui/Gui$HeartType;} {} {V}
[19May2025 21:03:36.609] [main/DEBUG] [cpw.mods.modlauncher.TransformStore/MODLAUNCHER]: Adding transformer optifine.OptiFineTransformer@6107165 to Target : PRE_CLASS {Lnet/minecraft/client/renderer/debug/ChunkBorderRenderer;} {} {V}
[19May2025 21:03:36.609] [main/DEBUG] [cpw.mods.modlauncher.TransformStore/MODLAUNCHER]: Adding transformer optifine.OptiFineTransformer@6107165 to Target : PRE_CLASS {Lnet/minecraft/client/player/AbstractClientPlayer;} {} {V}
[19May2025 21:03:36.611] [main/DEBUG] [cpw.mods.modlauncher.TransformStore/MODLAUNCHER]: Adding transformer optifine.OptiFineTransformer@6107165 to Target : PRE_CLASS {Lnet/minecraft/client/renderer/ItemInHandRenderer$1;} {} {V}
[19May2025 21:03:36.613] [main/DEBUG] [cpw.mods.modlauncher.TransformStore/MODLAUNCHER]: Adding transformer optifine.OptiFineTransformer@6107165 to Target : PRE_CLASS {Lnet/minecraft/client/renderer/texture/TextureAtlas;} {} {V}
[19May2025 21:03:36.615] [main/DEBUG] [cpw.mods.modlauncher.TransformStore/MODLAUNCHER]: Adding transformer optifine.OptiFineTransformer@6107165 to Target : PRE_CLASS {Lcom/mojang/math/Matrix3f;} {} {V}
[19May2025 21:03:36.615] [main/DEBUG] [cpw.mods.modlauncher.TransformStore/MODLAUNCHER]: Adding transformer optifine.OptiFineTransformer@6107165 to Target : PRE_CLASS {Lcom/mojang/blaze3d/systems/RenderSystem;} {} {V}
[19May2025 21:03:36.615] [main/DEBUG] [cpw.mods.modlauncher.TransformStore/MODLAUNCHER]: Adding transformer optifine.OptiFineTransformer@6107165 to Target : PRE_CLASS {Lnet/minecraft/client/renderer/RenderStateShard$WriteMaskStateShard;} {} {V}
[19May2025 21:03:36.615] [main/DEBUG] [cpw.mods.modlauncher.TransformStore/MODLAUNCHER]: Adding transformer optifine.OptiFineTransformer@6107165 to Target : PRE_CLASS {Lnet/minecraft/client/renderer/ShaderInstance$1;} {} {V}
[19May2025 21:03:36.616] [main/DEBUG] [cpw.mods.modlauncher.TransformStore/MODLAUNCHER]: Adding transformer optifine.OptiFineTransformer@6107165 to Target : PRE_CLASS {Lnet/minecraft/world/level/levelgen/blending/Blender$CellValueGetter;} {} {V}
[19May2025 21:03:36.616] [main/DEBUG] [cpw.mods.modlauncher.TransformStore/MODLAUNCHER]: Adding transformer optifine.OptiFineTransformer@6107165 to Target : PRE_CLASS {Lcom/mojang/blaze3d/platform/GlStateManager$DestFactor;} {} {V}
[19May2025 21:03:36.616] [main/DEBUG] [cpw.mods.modlauncher.TransformStore/MODLAUNCHER]: Adding transformer optifine.OptiFineTransformer@6107165 to Target : PRE_CLASS {Lnet/minecraft/CrashReport;} {} {V}
[19May2025 21:03:36.616] [main/DEBUG] [cpw.mods.modlauncher.TransformStore/MODLAUNCHER]: Adding transformer optifine.OptiFineTransformer@6107165 to Target : PRE_CLASS {Lnet/minecraft/client/gui/Font$StringRenderOutput;} {} {V}
[19May2025 21:03:36.616] [main/DEBUG] [cpw.mods.modlauncher.TransformStore/MODLAUNCHER]: Adding transformer optifine.OptiFineTransformer@6107165 to Target : PRE_CLASS {Lnet/minecraft/client/gui/components/ChatComponent;} {} {V}
[19May2025 21:03:36.617] [main/DEBUG] [cpw.mods.modlauncher.TransformStore/MODLAUNCHER]: Adding transformer optifine.OptiFineTransformer@6107165 to Target : PRE_CLASS {Lnet/minecraft/server/level/DistanceManager$ChunkTicketTracker;} {} {V}
[19May2025 21:03:36.618] [main/DEBUG] [cpw.mods.modlauncher.TransformStore/MODLAUNCHER]: Adding transformer optifine.OptiFineTransformer@6107165 to Target : PRE_CLASS {Lnet/minecraft/client/renderer/entity/layers/ParrotOnShoulderLayer;} {} {V}
[19May2025 21:03:36.619] [main/DEBUG] [cpw.mods.modlauncher.TransformStore/MODLAUNCHER]: Adding transformer optifine.OptiFineTransformer@6107165 to Target : PRE_CLASS {Lnet/minecraft/client/ClientTelemetryManager$PlayerInfo;} {} {V}
[19May2025 21:03:36.619] [main/DEBUG] [cpw.mods.modlauncher.TransformStore/MODLAUNCHER]: Adding transformer optifine.OptiFineTransformer@6107165 to Target : PRE_CLASS {Lnet/minecraft/client/OptionInstance$TooltipSupplier;} {} {V}
[19May2025 21:03:36.624] [main/DEBUG] [cpw.mods.modlauncher.TransformStore/MODLAUNCHER]: Adding transformer optifine.OptiFineTransformer@6107165 to Target : PRE_CLASS {Lnet/minecraft/client/renderer/chunk/ChunkRenderDispatcher$CompiledChunk$1;} {} {V}
[19May2025 21:03:36.624] [main/DEBUG] [cpw.mods.modlauncher.TransformStore/MODLAUNCHER]: Adding transformer optifine.OptiFineTransformer@6107165 to Target : PRE_CLASS {Lnet/minecraft/client/gui/components/CycleButton$Builder;} {} {V}
[19May2025 21:03:36.624] [main/DEBUG] [cpw.mods.modlauncher.TransformStore/MODLAUNCHER]: Adding transformer optifine.OptiFineTransformer@6107165 to Target : PRE_CLASS {Lnet/minecraft/client/gui/Font$DisplayMode;} {} {V}
[19May2025 21:03:36.625] [main/DEBUG] [cpw.mods.modlauncher.TransformStore/MODLAUNCHER]: Adding transformer optifine.OptiFineTransformer@6107165 to Target : PRE_CLASS {Lnet/minecraft/client/renderer/ShaderInstance;} {} {V}
[19May2025 21:03:36.625] [main/DEBUG] [cpw.mods.modlauncher.TransformStore/MODLAUNCHER]: Adding transformer optifine.OptiFineTransformer@6107165 to Target : PRE_CLASS {Lcom/mojang/blaze3d/platform/GlStateManager$CullState;} {} {V}
[19May2025 21:03:36.625] [main/DEBUG] [cpw.mods.modlauncher.TransformStore/MODLAUNCHER]: Adding transformer optifine.OptiFineTransformer@6107165 to Target : PRE_CLASS {Lnet/minecraft/client/renderer/ScreenEffectRenderer;} {} {V}
[19May2025 21:03:36.625] [main/DEBUG] [cpw.mods.modlauncher.TransformStore/MODLAUNCHER]: Adding transformer optifine.OptiFineTransformer@6107165 to Target : PRE_CLASS {Lnet/minecraft/core/Direction$AxisDirection;} {} {V}
[19May2025 21:03:36.630] [main/DEBUG] [cpw.mods.modlauncher.TransformStore/MODLAUNCHER]: Adding transformer optifine.OptiFineTransformer@6107165 to Target : PRE_CLASS {Lcom/mojang/blaze3d/platform/NativeImage$WriteCallback;} {} {V}
[19May2025 21:03:36.630] [main/DEBUG] [cpw.mods.modlauncher.TransformStore/MODLAUNCHER]: Adding transformer optifine.OptiFineTransformer@6107165 to Target : PRE_CLASS {Lnet/minecraft/client/renderer/texture/Stitcher$SpriteLoader;} {} {V}
[19May2025 21:03:36.631] [main/DEBUG] [cpw.mods.modlauncher.TransformStore/MODLAUNCHER]: Adding transformer optifine.OptiFineTransformer@6107165 to Target : PRE_CLASS {Lcom/mojang/blaze3d/platform/GlStateManager$ScissorState;} {} {V}
[19May2025 21:03:36.633] [main/DEBUG] [cpw.mods.modlauncher.TransformStore/MODLAUNCHER]: Adding transformer optifine.OptiFineTransformer@6107165 to Target : PRE_CLASS {Lnet/minecraft/client/renderer/entity/layers/CapeLayer;} {} {V}
[19May2025 21:03:36.633] [main/DEBUG] [cpw.mods.modlauncher.TransformStore/MODLAUNCHER]: Adding transformer optifine.OptiFineTransformer@6107165 to Target : PRE_CLASS {Lnet/minecraft/Util$1;} {} {V}
[19May2025 21:03:36.634] [main/DEBUG] [cpw.mods.modlauncher.TransformStore/MODLAUNCHER]: Adding transformer optifine.OptiFineTransformer@6107165 to Target : PRE_CLASS {Lnet/minecraft/client/renderer/RenderStateShard$MultiTextureStateShard;} {} {V}
[19May2025 21:03:36.635] [main/DEBUG] [cpw.mods.modlauncher.TransformStore/MODLAUNCHER]: Adding transformer optifine.OptiFineTransformer@6107165 to Target : PRE_CLASS {Lnet/minecraft/client/renderer/entity/EnderDragonRenderer$DragonModel;} {} {V}
[19May2025 21:03:36.635] [main/DEBUG] [cpw.mods.modlauncher.TransformStore/MODLAUNCHER]: Adding transformer optifine.OptiFineTransformer@6107165 to Target : PRE_CLASS {Lnet/minecraft/client/renderer/chunk/ChunkRenderDispatcher;} {} {V}
[19May2025 21:03:36.638] [main/DEBUG] [cpw.mods.modlauncher.TransformStore/MODLAUNCHER]: Adding transformer optifine.OptiFineTransformer@6107165 to Target : PRE_CLASS {Lnet/minecraft/world/entity/Mob;} {} {V}
[19May2025 21:03:36.640] [main/DEBUG] [cpw.mods.modlauncher.TransformStore/MODLAUNCHER]: Adding transformer optifine.OptiFineTransformer@6107165 to Target : PRE_CLASS {Lnet/minecraft/client/KeyboardHandler$1;} {} {V}
[19May2025 21:03:36.642] [main/DEBUG] [cpw.mods.modlauncher.TransformStore/MODLAUNCHER]: Adding transformer optifine.OptiFineTransformer@6107165 to Target : PRE_CLASS {Lnet/minecraft/client/renderer/RenderStateShard$ShaderStateShard;} {} {V}
[19May2025 21:03:36.643] [main/DEBUG] [cpw.mods.modlauncher.TransformStore/MODLAUNCHER]: Adding transformer optifine.OptiFineTransformer@6107165 to Target : PRE_CLASS {Lnet/minecraft/client/OptionInstance$CaptionBasedToString;} {} {V}
[19May2025 21:03:36.644] [main/DEBUG] [cpw.mods.modlauncher.TransformStore/MODLAUNCHER]: Adding transformer optifine.OptiFineTransformer@6107165 to Target : PRE_CLASS {Lnet/minecraft/resources/ResourceLocation$Serializer;} {} {V}
[19May2025 21:03:36.645] [main/DEBUG] [cpw.mods.modlauncher.TransformStore/MODLAUNCHER]: Adding transformer optifine.OptiFineTransformer@6107165 to Target : PRE_CLASS {Lnet/minecraft/client/gui/font/providers/BitmapProvider$Glyph;} {} {V}
[19May2025 21:03:36.645] [main/DEBUG] [cpw.mods.modlauncher.TransformStore/MODLAUNCHER]: Adding transformer optifine.OptiFineTransformer@6107165 to Target : PRE_CLASS {Lcom/mojang/blaze3d/platform/GlDebug;} {} {V}
[19May2025 21:03:36.645] [main/DEBUG] [cpw.mods.modlauncher.TransformStore/MODLAUNCHER]: Adding transformer optifine.OptiFineTransformer@6107165 to Target : PRE_CLASS {Lnet/minecraft/client/renderer/chunk/VisGraph;} {} {V}
[19May2025 21:03:36.646] [main/DEBUG] [cpw.mods.modlauncher.TransformStore/MODLAUNCHER]: Adding transformer optifine.OptiFineTransformer@6107165 to Target : PRE_CLASS {Lnet/minecraft/client/OptionInstance$Enum;} {} {V}
[19May2025 21:03:36.646] [main/DEBUG] [cpw.mods.modlauncher.TransformStore/MODLAUNCHER]: Adding transformer optifine.OptiFineTransformer@6107165 to Target : PRE_CLASS {Lnet/minecraft/client/OptionInstance$OptionInstanceSliderButton;} {} {V}
[19May2025 21:03:36.646] [main/DEBUG] [cpw.mods.modlauncher.TransformStore/MODLAUNCHER]: Adding transformer optifine.OptiFineTransformer@6107165 to Target : PRE_CLASS {Lnet/minecraft/Util$8;} {} {V}
[19May2025 21:03:36.647] [main/DEBUG] [cpw.mods.modlauncher.TransformStore/MODLAUNCHER]: Adding transformer optifine.OptiFineTransformer@6107165 to Target : PRE_CLASS {Lnet/minecraft/client/renderer/RenderType;} {} {V}
[19May2025 21:03:36.647] [main/DEBUG] [cpw.mods.modlauncher.TransformStore/MODLAUNCHER]: Adding transformer optifine.OptiFineTransformer@6107165 to Target : PRE_CLASS {Lnet/minecraft/client/renderer/entity/EnderDragonRenderer;} {} {V}
[19May2025 21:03:36.648] [main/DEBUG] [cpw.mods.modlauncher.TransformStore/MODLAUNCHER]: Adding transformer optifine.OptiFineTransformer@6107165 to Target : PRE_CLASS {Lnet/minecraft/client/OptionInstance$UnitDouble$1;} {} {V}
[19May2025 21:03:36.648] [main/DEBUG] [cpw.mods.modlauncher.TransformStore/MODLAUNCHER]: Adding transformer optifine.OptiFineTransformer@6107165 to Target : PRE_CLASS {Lnet/minecraft/world/item/ItemUtils;} {} {V}
[19May2025 21:03:36.648] [main/DEBUG] [cpw.mods.modlauncher.TransformStore/MODLAUNCHER]: Adding transformer optifine.OptiFineTransformer@6107165 to Target : PRE_CLASS {Lnet/minecraft/client/OptionInstance$ValueSet;} {} {V}
[19May2025 21:03:36.648] [main/DEBUG] [cpw.mods.modlauncher.TransformStore/MODLAUNCHER]: Adding transformer optifine.OptiFineTransformer@6107165 to Target : PRE_CLASS {Lnet/minecraft/client/renderer/entity/layers/HorseArmorLayer;} {} {V}
[19May2025 21:03:36.648] [main/DEBUG] [cpw.mods.modlauncher.TransformStore/MODLAUNCHER]: Adding transformer optifine.OptiFineTransformer@6107165 to Target : PRE_CLASS {Lnet/minecraft/client/renderer/chunk/RenderRegionCache$ChunkInfo;} {} {V}
[19May2025 21:03:36.648] [main/DEBUG] [cpw.mods.modlauncher.TransformStore/MODLAUNCHER]: Adding transformer optifine.OptiFineTransformer@6107165 to Target : PRE_CLASS {Lcom/mojang/blaze3d/vertex/BufferUploader;} {} {V}
[19May2025 21:03:36.648] [main/DEBUG] [cpw.mods.modlauncher.TransformStore/MODLAUNCHER]: Adding transformer optifine.OptiFineTransformer@6107165 to Target : PRE_CLASS {Lnet/minecraft/client/gui/Gui;} {} {V}
[19May2025 21:03:36.648] [main/DEBUG] [cpw.mods.modlauncher.TransformStore/MODLAUNCHER]: Adding transformer optifine.OptiFineTransformer@6107165 to Target : PRE_CLASS {Lnet/minecraft/client/resources/metadata/animation/AnimationMetadataSection$FrameOutput;} {} {V}
[19May2025 21:03:36.648] [main/DEBUG] [cpw.mods.modlauncher.TransformStore/MODLAUNCHER]: Adding transformer optifine.OptiFineTransformer@6107165 to Target : PRE_CLASS {Lcom/mojang/blaze3d/vertex/VertexFormatElement$Usage;} {} {V}
[19May2025 21:03:36.649] [main/DEBUG] [cpw.mods.modlauncher.TransformStore/MODLAUNCHER]: Adding transformer optifine.OptiFineTransformer@6107165 to Target : PRE_CLASS {Lnet/minecraft/client/OptionInstance;} {} {V}
[19May2025 21:03:36.649] [main/DEBUG] [cpw.mods.modlauncher.TransformationServiceDecorator/MODLAUNCHER]: Initialized transformers for transformation service OptiFine
[19May2025 21:03:36.649] [main/DEBUG] [cpw.mods.modlauncher.TransformationServiceDecorator/MODLAUNCHER]: Initializing transformers for transformation service fml
[19May2025 21:03:36.649] [main/DEBUG] [net.minecraftforge.fml.loading.FMLServiceProvider/CORE]: Loading coremod transformers
[19May2025 21:03:36.650] [main/DEBUG] [net.minecraftforge.coremod.CoreModEngine/COREMOD]: Loading CoreMod from coremods/field_to_method.js
[19May2025 21:03:37.412] [main/DEBUG] [net.minecraftforge.coremod.CoreModEngine/COREMOD]: CoreMod loaded successfully
[19May2025 21:03:37.413] [main/DEBUG] [net.minecraftforge.coremod.CoreModEngine/COREMOD]: Loading CoreMod from coremods/field_to_instanceof.js
[19May2025 21:03:37.686] [main/DEBUG] [net.minecraftforge.coremod.CoreModEngine/COREMOD]: CoreMod loaded successfully
[19May2025 21:03:37.689] [main/DEBUG] [net.minecraftforge.coremod.CoreModEngine/COREMOD]: Loading CoreMod from coremods/add_bouncer_method.js
[19May2025 21:03:37.914] [main/DEBUG] [net.minecraftforge.coremod.CoreModEngine/COREMOD]: CoreMod loaded successfully
[19May2025 21:03:37.926] [main/DEBUG] [cpw.mods.modlauncher.TransformStore/MODLAUNCHER]: Adding transformer net.minecraftforge.coremod.transformer.CoreModClassTransformer@ccf91df to Target : CLASS {Lnet/minecraft/world/level/biome/Biome;} {} {V}
[19May2025 21:03:37.927] [main/DEBUG] [cpw.mods.modlauncher.TransformStore/MODLAUNCHER]: Adding transformer net.minecraftforge.coremod.transformer.CoreModClassTransformer@117d32e to Target : CLASS {Lnet/minecraft/world/level/levelgen/structure/Structure;} {} {V}
[19May2025 21:03:37.927] [main/DEBUG] [cpw.mods.modlauncher.TransformStore/MODLAUNCHER]: Adding transformer net.minecraftforge.coremod.transformer.CoreModClassTransformer@51d387d3 to Target : CLASS {Lnet/minecraft/world/effect/MobEffectInstance;} {} {V}
[19May2025 21:03:37.927] [main/DEBUG] [cpw.mods.modlauncher.TransformStore/MODLAUNCHER]: Adding transformer net.minecraftforge.coremod.transformer.CoreModClassTransformer@2370ac7a to Target : CLASS {Lnet/minecraft/world/level/block/LiquidBlock;} {} {V}
[19May2025 21:03:37.928] [main/DEBUG] [cpw.mods.modlauncher.TransformStore/MODLAUNCHER]: Adding transformer net.minecraftforge.coremod.transformer.CoreModClassTransformer@534180a2 to Target : CLASS {Lnet/minecraft/world/item/BucketItem;} {} {V}
[19May2025 21:03:37.928] [main/DEBUG] [cpw.mods.modlauncher.TransformStore/MODLAUNCHER]: Adding transformer net.minecraftforge.coremod.transformer.CoreModClassTransformer@6cf0a747 to Target : CLASS {Lnet/minecraft/world/level/block/StairBlock;} {} {V}
[19May2025 21:03:37.929] [main/DEBUG] [cpw.mods.modlauncher.TransformStore/MODLAUNCHER]: Adding transformer net.minecraftforge.coremod.transformer.CoreModClassTransformer@21505815 to Target : CLASS {Lnet/minecraft/world/level/block/FlowerPotBlock;} {} {V}
[19May2025 21:03:37.929] [main/DEBUG] [cpw.mods.modlauncher.TransformStore/MODLAUNCHER]: Adding transformer net.minecraftforge.coremod.transformer.CoreModClassTransformer@7e53339 to Target : CLASS {Lnet/minecraft/world/item/ItemStack;} {} {V}
[19May2025 21:03:37.929] [main/DEBUG] [cpw.mods.modlauncher.TransformStore/MODLAUNCHER]: Adding transformer net.minecraftforge.coremod.transformer.CoreModClassTransformer@58fef7f7 to Target : CLASS {Lnet/minecraft/network/play/client/CClientSettingsPacket;} {} {V}
[19May2025 21:03:37.929] [main/DEBUG] [cpw.mods.modlauncher.TransformationServiceDecorator/MODLAUNCHER]: Initialized transformers for transformation service fml
[19May2025 21:03:37.969] [main/INFO] [optifine.OptiFineTransformationService/]: additionalClassesLocator: [optifine., net.optifine.]
[19May2025 21:03:39.689] [main/DEBUG] [mixin/]: Processing prepare() for PlatformAgent[MixinPlatformAgentDefault:ModLauncher Root Container(ModLauncher:4f56a0a2)]
[19May2025 21:03:39.689] [main/DEBUG] [mixin/]: Processing launch tasks for PlatformAgent[MixinPlatformAgentDefault:ModLauncher Root Container(ModLauncher:4f56a0a2)]
[19May2025 21:03:39.689] [main/DEBUG] [mixin/]: Adding mixin platform agents for container SecureJarResource(net.optifine)
[19May2025 21:03:39.690] [main/DEBUG] [mixin/]: Instancing new MixinPlatformAgentMinecraftForge for SecureJarResource(net.optifine)
[19May2025 21:03:39.690] [main/DEBUG] [mixin/]: MixinPlatformAgentMinecraftForge rejected container SecureJarResource(net.optifine)
[19May2025 21:03:39.690] [main/DEBUG] [mixin/]: Instancing new MixinPlatformAgentDefault for SecureJarResource(net.optifine)
[19May2025 21:03:39.690] [main/DEBUG] [mixin/]: MixinPlatformAgentDefault accepted container SecureJarResource(net.optifine)
[19May2025 21:03:39.690] [main/DEBUG] [mixin/]: Processing prepare() for PlatformAgent[MixinPlatformAgentDefault:SecureJarResource(net.optifine)]
[19May2025 21:03:39.691] [main/DEBUG] [mixin/]: Adding mixin platform agents for container SecureJarResource(minecraft)
[19May2025 21:03:39.691] [main/DEBUG] [mixin/]: Instancing new MixinPlatformAgentMinecraftForge for SecureJarResource(minecraft)
[19May2025 21:03:39.691] [main/DEBUG] [mixin/]: MixinPlatformAgentMinecraftForge rejected container SecureJarResource(minecraft)
[19May2025 21:03:39.691] [main/DEBUG] [mixin/]: Instancing new MixinPlatformAgentDefault for SecureJarResource(minecraft)
[19May2025 21:03:39.691] [main/DEBUG] [mixin/]: MixinPlatformAgentDefault accepted container SecureJarResource(minecraft)
[19May2025 21:03:39.691] [main/DEBUG] [mixin/]: Processing prepare() for PlatformAgent[MixinPlatformAgentDefault:SecureJarResource(minecraft)]
[19May2025 21:03:39.692] [main/DEBUG] [mixin/]: Adding mixin platform agents for container SecureJarResource(forge)
[19May2025 21:03:39.692] [main/DEBUG] [mixin/]: Instancing new MixinPlatformAgentMinecraftForge for SecureJarResource(forge)
[19May2025 21:03:39.692] [main/DEBUG] [mixin/]: MixinPlatformAgentMinecraftForge rejected container SecureJarResource(forge)
[19May2025 21:03:39.692] [main/DEBUG] [mixin/]: Instancing new MixinPlatformAgentDefault for SecureJarResource(forge)
[19May2025 21:03:39.693] [main/DEBUG] [mixin/]: MixinPlatformAgentDefault accepted container SecureJarResource(forge)
[19May2025 21:03:39.693] [main/DEBUG] [mixin/]: Processing prepare() for PlatformAgent[MixinPlatformAgentDefault:SecureJarResource(forge)]
[19May2025 21:03:39.697] [main/DEBUG] [mixin/]: Adding mixin platform agents for container SecureJarResource(geckolib3)
[19May2025 21:03:39.698] [main/DEBUG] [mixin/]: Instancing new MixinPlatformAgentMinecraftForge for SecureJarResource(geckolib3)
[19May2025 21:03:39.698] [main/DEBUG] [mixin/]: MixinPlatformAgentMinecraftForge rejected container SecureJarResource(geckolib3)
[19May2025 21:03:39.699] [main/DEBUG] [mixin/]: Instancing new MixinPlatformAgentDefault for SecureJarResource(geckolib3)
[19May2025 21:03:39.699] [main/DEBUG] [mixin/]: MixinPlatformAgentDefault accepted container SecureJarResource(geckolib3)
[19May2025 21:03:39.699] [main/DEBUG] [mixin/]: Processing prepare() for PlatformAgent[MixinPlatformAgentDefault:SecureJarResource(geckolib3)]
[19May2025 21:03:39.699] [main/DEBUG] [mixin/]: Adding mixin platform agents for container SecureJarResource(mimicer)
[19May2025 21:03:39.699] [main/DEBUG] [mixin/]: Instancing new MixinPlatformAgentMinecraftForge for SecureJarResource(mimicer)
[19May2025 21:03:39.699] [main/DEBUG] [mixin/]: MixinPlatformAgentMinecraftForge rejected container SecureJarResource(mimicer)
[19May2025 21:03:39.699] [main/DEBUG] [mixin/]: Instancing new MixinPlatformAgentDefault for SecureJarResource(mimicer)
[19May2025 21:03:39.699] [main/DEBUG] [mixin/]: MixinPlatformAgentDefault accepted container SecureJarResource(mimicer)
[19May2025 21:03:39.699] [main/DEBUG] [mixin/]: Processing prepare() for PlatformAgent[MixinPlatformAgentDefault:SecureJarResource(mimicer)]
[19May2025 21:03:39.699] [main/DEBUG] [mixin/]: Registering mixin config: mimicer.mixins.json
[19May2025 21:03:39.779] [main/DEBUG] [mixin/]: Compatibility level JAVA_17 specified by mimicer.mixins.json is higher than the maximum level supported by this version of mixin (JAVA_13).
[19May2025 21:03:39.797] [main/INFO] [mixin/]: Compatibility level set to JAVA_17
[19May2025 21:03:39.797] [main/DEBUG] [mixin/]: inject() running with 6 agents
[19May2025 21:03:39.798] [main/DEBUG] [mixin/]: Processing inject() for PlatformAgent[MixinPlatformAgentDefault:ModLauncher Root Container(ModLauncher:4f56a0a2)]
[19May2025 21:03:39.798] [main/DEBUG] [mixin/]: Processing inject() for PlatformAgent[MixinPlatformAgentDefault:SecureJarResource(net.optifine)]
[19May2025 21:03:39.798] [main/DEBUG] [mixin/]: Processing inject() for PlatformAgent[MixinPlatformAgentDefault:SecureJarResource(minecraft)]
[19May2025 21:03:39.798] [main/DEBUG] [mixin/]: Processing inject() for PlatformAgent[MixinPlatformAgentDefault:SecureJarResource(forge)]
[19May2025 21:03:39.798] [main/DEBUG] [mixin/]: Processing inject() for PlatformAgent[MixinPlatformAgentDefault:SecureJarResource(geckolib3)]
[19May2025 21:03:39.799] [main/DEBUG] [mixin/]: Processing inject() for PlatformAgent[MixinPlatformAgentDefault:SecureJarResource(mimicer)]
[19May2025 21:03:39.799] [main/INFO] [cpw.mods.modlauncher.LaunchServiceHandler/MODLAUNCHER]: Launching target 'forgeserver' with arguments [nogui]
[19May2025 21:03:39.968] [main/DEBUG] [mixin/]: Error cleaning class output directory: .mixin.out
[19May2025 21:03:39.971] [main/DEBUG] [mixin/]: Preparing mixins for MixinEnvironment[DEFAULT]
[19May2025 21:03:39.973] [main/DEBUG] [mixin/]: Selecting config mimicer.mixins.json
[19May2025 21:03:39.981] [main/DEBUG] [mixin/]: Preparing mimicer.mixins.json (3)
[19May2025 21:03:40.435] [main/DEBUG] [mixin/]: Registering new injector for @Inject with org.spongepowered.asm.mixin.injection.struct.CallbackInjectionInfo
[19May2025 21:03:40.440] [main/DEBUG] [mixin/]: Registering new injector for @ModifyArg with org.spongepowered.asm.mixin.injection.struct.ModifyArgInjectionInfo
[19May2025 21:03:40.445] [main/DEBUG] [mixin/]: Registering new injector for @ModifyArgs with org.spongepowered.asm.mixin.injection.struct.ModifyArgsInjectionInfo
[19May2025 21:03:40.449] [main/DEBUG] [mixin/]: Registering new injector for @Redirect with org.spongepowered.asm.mixin.injection.struct.RedirectInjectionInfo
[19May2025 21:03:40.452] [main/DEBUG] [mixin/]: Registering new injector for @ModifyVariable with org.spongepowered.asm.mixin.injection.struct.ModifyVariableInjectionInfo
[19May2025 21:03:40.455] [main/DEBUG] [mixin/]: Registering new injector for @ModifyConstant with org.spongepowered.asm.mixin.injection.struct.ModifyConstantInjectionInfo
[19May2025 21:03:40.528] [main/DEBUG] [mixin/]: Prepared 3 mixins in 0.546 sec (182.0ms avg) (0ms load, 0ms transform, 0ms plugin)
[19May2025 21:03:40.889] [main/DEBUG] [io.netty.util.internal.logging.InternalLoggerFactory/]: Using SLF4J as the default logging framework
[19May2025 21:03:40.908] [main/DEBUG] [io.netty.util.ResourceLeakDetector/]: -Dio.netty.leakDetection.level: simple
[19May2025 21:03:40.908] [main/DEBUG] [io.netty.util.ResourceLeakDetector/]: -Dio.netty.leakDetection.targetRecords: 4
[19May2025 21:03:42.152] [main/DEBUG] [oshi.util.FileUtil/]: No oshi.properties file found from ClassLoader cpw.mods.modlauncher.TransformingClassLoader@4acb7ecc
[19May2025 21:03:42.155] [main/DEBUG] [oshi.util.FileUtil/]: No oshi.properties file found from ClassLoader jdk.internal.loader.ClassLoaders$AppClassLoader@76ed5528
[19May2025 21:03:42.195] [main/DEBUG] [oshi.util.FileUtil/]: Reading file /proc/cpuinfo
[19May2025 21:03:42.199] [main/DEBUG] [oshi.util.FileUtil/]: Reading file /proc/cpuinfo
[19May2025 21:03:42.238] [main/DEBUG] [oshi.util.FileUtil/]: No oshi.architecture.properties file found from ClassLoader cpw.mods.modlauncher.TransformingClassLoader@4acb7ecc
[19May2025 21:03:42.239] [main/DEBUG] [oshi.util.FileUtil/]: No oshi.architecture.properties file found from ClassLoader jdk.internal.loader.ClassLoaders$AppClassLoader@76ed5528
[19May2025 21:03:42.309] [main/DEBUG] [oshi.util.FileUtil/]: Reading file /proc/meminfo
[19May2025 21:03:42.310] [main/DEBUG] [oshi.util.FileUtil/]: Reading file /proc/meminfo
[19May2025 21:03:43.676] [main/DEBUG] [mixin/]: Mixing MixinLivingEntity from mimicer.mixins.json into net.minecraft.world.entity.LivingEntity
[19May2025 21:03:44.740] [main/DEBUG] [net.minecraftforge.coremod.transformer.CoreModBaseTransformer/COREMOD]: Transforming net/minecraft/world/level/levelgen/structure/Structure
[19May2025 21:03:45.211] [main/DEBUG] [net.minecraftforge.coremod.transformer.CoreModBaseTransformer/COREMOD]: Transforming net/minecraft/world/level/block/LiquidBlock
[19May2025 21:03:45.394] [main/DEBUG] [net.minecraftforge.coremod.transformer.CoreModBaseTransformer/COREMOD]: Transforming net/minecraft/world/level/block/StairBlock
[19May2025 21:03:45.674] [main/DEBUG] [net.minecraftforge.coremod.transformer.CoreModBaseTransformer/COREMOD]: Transforming net/minecraft/world/level/block/FlowerPotBlock
[19May2025 21:03:50.363] [main/DEBUG] [net.minecraftforge.coremod.transformer.CoreModBaseTransformer/COREMOD]: Transforming net/minecraft/world/item/ItemStack
[19May2025 21:03:52.850] [main/DEBUG] [mixin/]: Mixing MixinPathNavigation from mimicer.mixins.json into net.minecraft.world.entity.ai.navigation.PathNavigation
[19May2025 21:03:52.877] [main/DEBUG] [mixin/]: Mixing MixinGroundPathNavigation from mimicer.mixins.json into net.minecraft.world.entity.ai.navigation.GroundPathNavigation
[19May2025 21:03:54.459] [main/INFO] [net.minecraft.util.datafix.DataFixers/]: Building unoptimized datafixer
[19May2025 21:03:56.357] [main/DEBUG] [net.minecraftforge.coremod.transformer.CoreModBaseTransformer/COREMOD]: Transforming net/minecraft/world/level/biome/Biome
[19May2025 21:03:57.370] [main/DEBUG] [net.minecraftforge.coremod.transformer.CoreModBaseTransformer/COREMOD]: Transforming net/minecraft/world/item/BucketItem
[19May2025 21:03:57.565] [main/DEBUG] [net.minecraftforge.coremod.transformer.CoreModBaseTransformer/COREMOD]: Transforming net/minecraft/world/effect/MobEffectInstance
[19May2025 21:03:59.016] [main/DEBUG] [net.minecraftforge.common.ForgeI18n/CORE]: Loading I18N data entries: 5642
[19May2025 21:03:59.062] [main/DEBUG] [net.minecraftforge.fml.ModWorkManager/LOADING]: Using 2 threads for parallel mod-loading
[19May2025 21:03:59.582] [main/DEBUG] [net.minecraftforge.fml.javafmlmod.FMLJavaModLanguageProvider/LOADING]: Loading FMLModContainer from classloader cpw.mods.modlauncher.TransformingClassLoader@4acb7ecc - got cpw.mods.cl.ModuleClassLoader@676f0a60
[19May2025 21:03:59.583] [main/DEBUG] [net.minecraftforge.fml.javafmlmod.FMLModContainer/LOADING]: Creating FMLModContainer instance for net.minecraftforge.common.ForgeMod
[19May2025 21:03:59.592] [main/DEBUG] [net.minecraftforge.fml.javafmlmod.FMLJavaModLanguageProvider/LOADING]: Loading FMLModContainer from classloader cpw.mods.modlauncher.TransformingClassLoader@4acb7ecc - got cpw.mods.cl.ModuleClassLoader@676f0a60
[19May2025 21:03:59.592] [main/DEBUG] [net.minecraftforge.fml.javafmlmod.FMLModContainer/LOADING]: Creating FMLModContainer instance for software.bernie.example.GeckoLibMod
[19May2025 21:03:59.593] [main/DEBUG] [net.minecraftforge.fml.javafmlmod.FMLJavaModLanguageProvider/LOADING]: Loading FMLModContainer from classloader cpw.mods.modlauncher.TransformingClassLoader@4acb7ecc - got cpw.mods.cl.ModuleClassLoader@676f0a60
[19May2025 21:03:59.594] [main/DEBUG] [net.minecraftforge.fml.javafmlmod.FMLModContainer/LOADING]: Creating FMLModContainer instance for de.cadentem.mimicer.Mimicer
[19May2025 21:03:59.692] [modloading-worker-0/DEBUG] [net.minecraftforge.versions.forge.ForgeVersion/CORE]: Forge Version package package net.minecraftforge.versions.forge, Forge, version 43.4 from cpw.mods.modlauncher.TransformingClassLoader@4acb7ecc
[19May2025 21:03:59.693] [modloading-worker-0/DEBUG] [net.minecraftforge.versions.forge.ForgeVersion/CORE]: Found Forge version 43.4.2
[19May2025 21:03:59.693] [modloading-worker-0/DEBUG] [net.minecraftforge.versions.forge.ForgeVersion/CORE]: Found Forge spec 43.4
[19May2025 21:03:59.693] [modloading-worker-0/DEBUG] [net.minecraftforge.versions.forge.ForgeVersion/CORE]: Found Forge group net.minecraftforge
[19May2025 21:03:59.695] [modloading-worker-0/DEBUG] [net.minecraftforge.versions.mcp.MCPVersion/CORE]: MCP Version package package net.minecraftforge.versions.mcp, Minecraft, version 1.19.2 from cpw.mods.modlauncher.TransformingClassLoader@4acb7ecc
[19May2025 21:03:59.695] [modloading-worker-0/DEBUG] [net.minecraftforge.versions.mcp.MCPVersion/CORE]: Found MC version information 1.19.2
[19May2025 21:03:59.695] [modloading-worker-0/DEBUG] [net.minecraftforge.versions.mcp.MCPVersion/CORE]: Found MCP version information 20220805.130853
[19May2025 21:03:59.695] [modloading-worker-0/INFO] [net.minecraftforge.common.ForgeMod/FORGEMOD]: Forge mod loading, version 43.4.2, for MC 1.19.2 with MCP 20220805.130853
[19May2025 21:03:59.703] [modloading-worker-0/INFO] [net.minecraftforge.common.MinecraftForge/FORGE]: MinecraftForge v43.4.2 Initialized
[19May2025 21:04:00.089] [modloading-worker-0/DEBUG] [net.minecraftforge.fml.javafmlmod.AutomaticEventSubscriber/LOADING]: Attempting to inject @EventBusSubscriber classes into the eventbus for geckolib3
[19May2025 21:04:00.108] [modloading-worker-0/DEBUG] [net.minecraftforge.fml.javafmlmod.AutomaticEventSubscriber/LOADING]: Auto-subscribing software.bernie.example.GeckoLibMod to FORGE
[19May2025 21:04:00.125] [modloading-worker-0/DEBUG] [net.minecraftforge.fml.javafmlmod.AutomaticEventSubscriber/LOADING]: Auto-subscribing software.bernie.example.CommonListener to MOD
[19May2025 21:04:00.177] [modloading-worker-0/DEBUG] [io.netty.util.internal.PlatformDependent0/]: -Dio.netty.noUnsafe: false
[19May2025 21:04:00.177] [modloading-worker-0/DEBUG] [io.netty.util.internal.PlatformDependent0/]: Java version: 17
[19May2025 21:04:00.180] [modloading-worker-0/DEBUG] [io.netty.util.internal.PlatformDependent0/]: sun.misc.Unsafe.theUnsafe: available
[19May2025 21:04:00.181] [modloading-worker-0/DEBUG] [io.netty.util.internal.PlatformDependent0/]: sun.misc.Unsafe.copyMemory: available
[19May2025 21:04:00.181] [modloading-worker-0/DEBUG] [io.netty.util.internal.PlatformDependent0/]: sun.misc.Unsafe.storeFence: available
[19May2025 21:04:00.182] [modloading-worker-0/DEBUG] [io.netty.util.internal.PlatformDependent0/]: java.nio.Buffer.address: available
[19May2025 21:04:00.192] [modloading-worker-0/DEBUG] [io.netty.util.internal.PlatformDependent0/]: direct buffer constructor: unavailable
java.lang.UnsupportedOperationException: Reflective setAccessible(true) disabled
	at io.netty.util.internal.ReflectionUtil.trySetAccessible(ReflectionUtil.java:31) ~[netty-common-4.1.77.Final.jar%2381!/:4.1.77.Final]
	at io.netty.util.internal.PlatformDependent0$5.run(PlatformDependent0.java:287) ~[netty-common-4.1.77.Final.jar%2381!/:4.1.77.Final]
	at java.security.AccessController.doPrivileged(AccessController.java:318) ~[?:?]
	at io.netty.util.internal.PlatformDependent0.<clinit>(PlatformDependent0.java:281) ~[netty-common-4.1.77.Final.jar%2381!/:4.1.77.Final]
	at io.netty.util.internal.PlatformDependent.isAndroid(PlatformDependent.java:294) ~[netty-common-4.1.77.Final.jar%2381!/:4.1.77.Final]
	at io.netty.util.internal.PlatformDependent.<clinit>(PlatformDependent.java:88) ~[netty-common-4.1.77.Final.jar%2381!/:4.1.77.Final]
	at io.netty.util.ConstantPool.<init>(ConstantPool.java:34) ~[netty-common-4.1.77.Final.jar%2381!/:4.1.77.Final]
	at io.netty.util.AttributeKey$1.<init>(AttributeKey.java:27) ~[netty-common-4.1.77.Final.jar%2381!/:4.1.77.Final]
	at io.netty.util.AttributeKey.<clinit>(AttributeKey.java:27) ~[netty-common-4.1.77.Final.jar%2381!/:4.1.77.Final]
	at net.minecraftforge.network.NetworkConstants.<clinit>(NetworkConstants.java:34) ~[forge-1.19.2-43.4.2-universal.jar%23110!/:?]
	at net.minecraftforge.common.ForgeMod.<init>(ForgeMod.java:436) ~[forge-1.19.2-43.4.2-universal.jar%23110!/:?]
	at jdk.internal.reflect.NativeConstructorAccessorImpl.newInstance0(Native Method) ~[?:?]
	at jdk.internal.reflect.NativeConstructorAccessorImpl.newInstance(NativeConstructorAccessorImpl.java:77) ~[?:?]
	at jdk.internal.reflect.DelegatingConstructorAccessorImpl.newInstance(DelegatingConstructorAccessorImpl.java:45) ~[?:?]
	at java.lang.reflect.Constructor.newInstanceWithCaller(Constructor.java:500) ~[?:?]
	at java.lang.reflect.Constructor.newInstance(Constructor.java:481) ~[?:?]
	at net.minecraftforge.fml.javafmlmod.FMLModContainer.constructMod(FMLModContainer.java:70) ~[javafmllanguage-1.19.2-43.4.2.jar%23107!/:?]
	at net.minecraftforge.fml.ModContainer.lambda$buildTransitionHandler$4(ModContainer.java:122) ~[fmlcore-1.19.2-43.4.2.jar%23106!/:?]
	at java.util.concurrent.CompletableFuture$AsyncRun.run(CompletableFuture.java:1804) [?:?]
	at java.util.concurrent.CompletableFuture$AsyncRun.exec(CompletableFuture.java:1796) [?:?]
	at java.util.concurrent.ForkJoinTask.doExec(ForkJoinTask.java:373) [?:?]
	at java.util.concurrent.ForkJoinPool$WorkQueue.topLevelExec(ForkJoinPool.java:1182) [?:?]
	at java.util.concurrent.ForkJoinPool.scan(ForkJoinPool.java:1655) [?:?]
	at java.util.concurrent.ForkJoinPool.runWorker(ForkJoinPool.java:1622) [?:?]
	at java.util.concurrent.ForkJoinWorkerThread.run(ForkJoinWorkerThread.java:165) [?:?]
[19May2025 21:04:00.194] [modloading-worker-0/DEBUG] [io.netty.util.internal.PlatformDependent0/]: java.nio.Bits.unaligned: available, true
[19May2025 21:04:00.200] [modloading-worker-0/DEBUG] [io.netty.util.internal.PlatformDependent0/]: jdk.internal.misc.Unsafe.allocateUninitializedArray(int): unavailable
java.lang.IllegalAccessException: class io.netty.util.internal.PlatformDependent0$7 (in module io.netty.common) cannot access class jdk.internal.misc.Unsafe (in module java.base) because module java.base does not export jdk.internal.misc to module io.netty.common
	at jdk.internal.reflect.Reflection.newIllegalAccessException(Reflection.java:392) ~[?:?]
	at java.lang.reflect.AccessibleObject.checkAccess(AccessibleObject.java:674) ~[?:?]
	at java.lang.reflect.Method.invoke(Method.java:561) ~[?:?]
	at io.netty.util.internal.PlatformDependent0$7.run(PlatformDependent0.java:409) ~[netty-common-4.1.77.Final.jar%2381!/:4.1.77.Final]
	at java.security.AccessController.doPrivileged(AccessController.java:318) ~[?:?]
	at io.netty.util.internal.PlatformDependent0.<clinit>(PlatformDependent0.java:400) ~[netty-common-4.1.77.Final.jar%2381!/:4.1.77.Final]
	at io.netty.util.internal.PlatformDependent.isAndroid(PlatformDependent.java:294) ~[netty-common-4.1.77.Final.jar%2381!/:4.1.77.Final]
	at io.netty.util.internal.PlatformDependent.<clinit>(PlatformDependent.java:88) ~[netty-common-4.1.77.Final.jar%2381!/:4.1.77.Final]
	at io.netty.util.ConstantPool.<init>(ConstantPool.java:34) ~[netty-common-4.1.77.Final.jar%2381!/:4.1.77.Final]
	at io.netty.util.AttributeKey$1.<init>(AttributeKey.java:27) ~[netty-common-4.1.77.Final.jar%2381!/:4.1.77.Final]
	at io.netty.util.AttributeKey.<clinit>(AttributeKey.java:27) ~[netty-common-4.1.77.Final.jar%2381!/:4.1.77.Final]
	at net.minecraftforge.network.NetworkConstants.<clinit>(NetworkConstants.java:34) ~[forge-1.19.2-43.4.2-universal.jar%23110!/:?]
	at net.minecraftforge.common.ForgeMod.<init>(ForgeMod.java:436) ~[forge-1.19.2-43.4.2-universal.jar%23110!/:?]
	at jdk.internal.reflect.NativeConstructorAccessorImpl.newInstance0(Native Method) ~[?:?]
	at jdk.internal.reflect.NativeConstructorAccessorImpl.newInstance(NativeConstructorAccessorImpl.java:77) ~[?:?]
	at jdk.internal.reflect.DelegatingConstructorAccessorImpl.newInstance(DelegatingConstructorAccessorImpl.java:45) ~[?:?]
	at java.lang.reflect.Constructor.newInstanceWithCaller(Constructor.java:500) ~[?:?]
	at java.lang.reflect.Constructor.newInstance(Constructor.java:481) ~[?:?]
	at net.minecraftforge.fml.javafmlmod.FMLModContainer.constructMod(FMLModContainer.java:70) ~[javafmllanguage-1.19.2-43.4.2.jar%23107!/:?]
	at net.minecraftforge.fml.ModContainer.lambda$buildTransitionHandler$4(ModContainer.java:122) ~[fmlcore-1.19.2-43.4.2.jar%23106!/:?]
	at java.util.concurrent.CompletableFuture$AsyncRun.run(CompletableFuture.java:1804) [?:?]
	at java.util.concurrent.CompletableFuture$AsyncRun.exec(CompletableFuture.java:1796) [?:?]
	at java.util.concurrent.ForkJoinTask.doExec(ForkJoinTask.java:373) [?:?]
	at java.util.concurrent.ForkJoinPool$WorkQueue.topLevelExec(ForkJoinPool.java:1182) [?:?]
	at java.util.concurrent.ForkJoinPool.scan(ForkJoinPool.java:1655) [?:?]
	at java.util.concurrent.ForkJoinPool.runWorker(ForkJoinPool.java:1622) [?:?]
	at java.util.concurrent.ForkJoinWorkerThread.run(ForkJoinWorkerThread.java:165) [?:?]
[19May2025 21:04:00.220] [modloading-worker-0/DEBUG] [io.netty.util.internal.PlatformDependent0/]: java.nio.DirectByteBuffer.<init>(long, int): unavailable
[19May2025 21:04:00.222] [modloading-worker-0/DEBUG] [io.netty.util.internal.PlatformDependent/]: sun.misc.Unsafe: available
[19May2025 21:04:00.226] [modloading-worker-0/DEBUG] [io.netty.util.internal.PlatformDependent/]: maxDirectMemory: 6442450944 bytes (maybe)
[19May2025 21:04:00.226] [modloading-worker-0/DEBUG] [io.netty.util.internal.PlatformDependent/]: -Dio.netty.tmpdir: /tmp (java.io.tmpdir)
[19May2025 21:04:00.226] [modloading-worker-0/DEBUG] [io.netty.util.internal.PlatformDependent/]: -Dio.netty.bitMode: 64 (sun.arch.data.model)
[19May2025 21:04:00.230] [modloading-worker-0/DEBUG] [io.netty.util.internal.PlatformDependent/]: -Dio.netty.maxDirectMemory: -1 bytes
[19May2025 21:04:00.230] [modloading-worker-0/DEBUG] [io.netty.util.internal.PlatformDependent/]: -Dio.netty.uninitializedArrayAllocationThreshold: -1
[19May2025 21:04:00.233] [modloading-worker-0/DEBUG] [io.netty.util.internal.CleanerJava9/]: java.nio.ByteBuffer.cleaner(): available
[19May2025 21:04:00.234] [modloading-worker-0/DEBUG] [io.netty.util.internal.PlatformDependent/]: -Dio.netty.noPreferDirect: false
[19May2025 21:04:00.300] [modloading-worker-0/DEBUG] [net.minecraftforge.fml.config.ConfigTracker/CONFIG]: Config file mimicer-server.toml for mimicer tracking
[19May2025 21:04:00.300] [modloading-worker-0/DEBUG] [net.minecraftforge.fml.javafmlmod.AutomaticEventSubscriber/LOADING]: Attempting to inject @EventBusSubscriber classes into the eventbus for mimicer
[19May2025 21:04:00.301] [modloading-worker-0/DEBUG] [net.minecraftforge.fml.javafmlmod.AutomaticEventSubscriber/LOADING]: Auto-subscribing de.cadentem.mimicer.events.ModEvents to MOD
[19May2025 21:04:00.313] [modloading-worker-0/DEBUG] [net.minecraftforge.fml.javafmlmod.AutomaticEventSubscriber/LOADING]: Auto-subscribing de.cadentem.mimicer.events.ForgeEvents to FORGE
[19May2025 21:04:00.330] [modloading-worker-0/DEBUG] [net.minecraftforge.fml.javafmlmod.AutomaticEventSubscriber/LOADING]: Auto-subscribing de.cadentem.mimicer.datagen.DataGen to MOD
[19May2025 21:04:00.333] [modloading-worker-0/DEBUG] [net.minecraftforge.common.ForgeMod/FORGEMOD]: Loading Network data for FML net version: FML3
[19May2025 21:04:00.360] [modloading-worker-0/DEBUG] [net.minecraftforge.fml.config.ConfigTracker/CONFIG]: Config file forge-client.toml for forge tracking
[19May2025 21:04:00.361] [modloading-worker-0/DEBUG] [net.minecraftforge.fml.config.ConfigTracker/CONFIG]: Config file forge-server.toml for forge tracking
[19May2025 21:04:00.361] [modloading-worker-0/DEBUG] [net.minecraftforge.fml.config.ConfigTracker/CONFIG]: Config file forge-common.toml for forge tracking
[19May2025 21:04:00.406] [modloading-worker-0/DEBUG] [net.minecraftforge.fml.javafmlmod.AutomaticEventSubscriber/LOADING]: Attempting to inject @EventBusSubscriber classes into the eventbus for forge
[19May2025 21:04:00.406] [modloading-worker-0/DEBUG] [net.minecraftforge.fml.javafmlmod.AutomaticEventSubscriber/LOADING]: Auto-subscribing net.minecraftforge.common.ForgeSpawnEggItem$CommonHandler to MOD
[19May2025 21:04:00.496] [main/DEBUG] [net.minecraftforge.common.capabilities.CapabilityManager/CAPABILITIES]: Attempting to automatically register: Lnet/minecraftforge/energy/IEnergyStorage;
[19May2025 21:04:00.500] [main/DEBUG] [net.minecraftforge.common.capabilities.CapabilityManager/CAPABILITIES]: Attempting to automatically register: Lnet/minecraftforge/fluids/capability/IFluidHandler;
[19May2025 21:04:00.500] [main/DEBUG] [net.minecraftforge.common.capabilities.CapabilityManager/CAPABILITIES]: Attempting to automatically register: Lnet/minecraftforge/fluids/capability/IFluidHandlerItem;
[19May2025 21:04:00.500] [main/DEBUG] [net.minecraftforge.common.capabilities.CapabilityManager/CAPABILITIES]: Attempting to automatically register: Lnet/minecraftforge/items/IItemHandler;
[19May2025 21:04:01.000] [main/DEBUG] [net.minecraftforge.fml.config.ConfigTracker/CONFIG]: Loading configs type COMMON
[19May2025 21:04:01.002] [main/DEBUG] [net.minecraftforge.fml.config.ConfigFileTypeHandler/CONFIG]: Built TOML config for /workspaces/Travestis-al-ataque/servidor_minecraft/config/forge-common.toml
[19May2025 21:04:01.006] [main/DEBUG] [net.minecraftforge.fml.config.ConfigFileTypeHandler/CONFIG]: Loaded TOML config file /workspaces/Travestis-al-ataque/servidor_minecraft/config/forge-common.toml
[19May2025 21:04:01.009] [main/DEBUG] [net.minecraftforge.fml.config.ConfigFileTypeHandler/CONFIG]: Watching TOML config file /workspaces/Travestis-al-ataque/servidor_minecraft/config/forge-common.toml for changes
[19May2025 21:04:01.015] [main/DEBUG] [net.minecraftforge.common.ForgeConfig/FORGEMOD]: Loaded forge config file forge-common.toml
[19May2025 21:04:01.017] [Thread-0/DEBUG] [net.minecraftforge.fml.config.ConfigFileTypeHandler/CONFIG]: Config file forge-common.toml changed, sending notifies
[19May2025 21:04:01.018] [Thread-0/DEBUG] [net.minecraftforge.common.ForgeConfig/FORGEMOD]: Forge config just got changed on the file system!
[19May2025 21:04:01.019] [Thread-0/DEBUG] [net.minecraftforge.fml.config.ConfigFileTypeHandler/CONFIG]: Config file forge-common.toml changed, sending notifies
[19May2025 21:04:01.020] [Thread-0/DEBUG] [net.minecraftforge.common.ForgeConfig/FORGEMOD]: Forge config just got changed on the file system!
[19May2025 21:04:02.640] [Forge Version Check/INFO] [net.minecraftforge.fml.VersionChecker/]: [forge] Starting version check at https://files.minecraftforge.net/net/minecraftforge/forge/promotions_slim.json
[19May2025 21:04:03.933] [Forge Version Check/DEBUG] [net.minecraftforge.fml.VersionChecker/]: [forge] Received version check data:
{
  "homepage": "https://files.minecraftforge.net/net/minecraftforge/forge/",
  "promos": {
    "1.1-latest": "1.3.4.29",
    "1.2.3-latest": "1.4.1.64",
    "1.2.4-latest": "2.0.0.68",
    "1.2.5-latest": "3.4.9.171",
    "1.3.2-latest": "4.3.5.318",
    "1.4.0-latest": "5.0.0.326",
    "1.4.1-latest": "6.0.0.329",
    "1.4.2-latest": "6.0.1.355",
    "1.4.3-latest": "6.2.1.358",
    "1.4.4-latest": "6.3.0.378",
    "1.4.5-latest": "6.4.2.448",
    "1.4.6-latest": "6.5.0.489",
    "1.4.7-latest": "6.6.2.534",
    "1.5-latest": "7.7.0.598",
    "1.5.1-latest": "7.7.2.682",
    "1.5.2-latest": "7.8.1.738",
    "1.5.2-recommended": "7.8.1.738",
    "1.6.1-latest": "8.9.0.775",
    "1.6.2-latest": "9.10.1.871",
    "1.6.2-recommended": "9.10.1.871",
    "1.6.3-latest": "9.11.0.878",
    "1.6.4-latest": "9.11.1.1345",
    "1.6.4-recommended": "9.11.1.1345",
    "1.7.2-latest": "10.12.2.1161",
    "1.7.2-recommended": "10.12.2.1161",
    "1.7.10_pre4-latest": "10.12.2.1149",
    "1.7.10-latest": "10.13.4.1614",
    "1.7.10-recommended": "10.13.4.1614",
    "1.8-latest": "11.14.4.1577",
    "1.8-recommended": "11.14.4.1563",
    "1.8.8-latest": "11.15.0.1655",
    "1.8.9-latest": "11.15.1.2318",
    "1.8.9-recommended": "11.15.1.2318",
    "1.9-latest": "12.16.1.1938",
    "1.9-recommended": "12.16.1.1887",
    "1.9.4-latest": "12.17.0.2317",
    "1.9.4-recommended": "12.17.0.2317",
    "1.10-latest": "12.18.0.2000",
    "1.10.2-latest": "12.18.3.2511",
    "1.10.2-recommended": "12.18.3.2511",
    "1.11-latest": "13.19.1.2199",
    "1.11-recommended": "13.19.1.2189",
    "1.11.2-latest": "13.20.1.2588",
    "1.11.2-recommended": "13.20.1.2588",
    "1.12-latest": "14.21.1.2443",
    "1.12-recommended": "14.21.1.2387",
    "1.12.1-latest": "14.22.1.2485",
    "1.12.1-recommended": "14.22.1.2478",
    "1.12.2-latest": "14.23.5.2860",
    "1.12.2-recommended": "14.23.5.2859",
    "1.13.2-latest": "25.0.223",
    "1.14.2-latest": "26.0.63",
    "1.14.3-latest": "27.0.60",
    "1.14.4-latest": "28.2.26",
    "1.14.4-recommended": "28.2.26",
    "1.15-latest": "29.0.4",
    "1.15.1-latest": "30.0.51",
    "1.15.2-latest": "31.2.57",
    "1.15.2-recommended": "31.2.57",
    "1.16.1-latest": "32.0.108",
    "1.16.2-latest": "33.0.61",
    "1.16.3-latest": "34.1.42",
    "1.16.3-recommended": "34.1.0",
    "1.16.4-latest": "35.1.37",
    "1.16.4-recommended": "35.1.4",
    "1.16.5-latest": "36.2.42",
    "1.16.5-recommended": "36.2.34",
    "1.17.1-latest": "37.1.1",
    "1.17.1-recommended": "37.1.1",
    "1.18-latest": "38.0.17",
    "1.18.1-latest": "39.1.2",
    "1.18.1-recommended": "39.1.0",
    "1.18.2-recommended": "40.3.0",
    "1.18.2-latest": "40.3.10",
    "1.19-latest": "41.1.0",
    "1.19-recommended": "41.1.0",
    "1.19.1-latest": "42.0.9",
    "1.19.2-recommended": "43.5.0",
    "1.19.2-latest": "43.5.0",
    "1.19.3-latest": "44.1.23",
    "1.19.3-recommended": "44.1.0",
    "1.19.4-recommended": "45.4.0",
    "1.19.4-latest": "45.4.0",
    "1.20-latest": "46.0.14",
    "1.20.1-recommended": "47.4.0",
    "1.20.1-latest": "47.4.0",
    "1.20.2-latest": "48.1.0",
    "1.20.2-recommended": "48.1.0",
    "1.20.3-latest": "49.0.2",
    "1.20.4-latest": "49.2.0",
    "1.20.4-recommended": "49.2.0",
    "1.20.6-latest": "50.2.0",
    "1.20.6-recommended": "50.2.0",
    "1.21-latest": "51.0.33",
    "1.21.1-latest": "52.1.1",
    "1.21.1-recommended": "52.1.0",
    "1.21.3-latest": "53.1.1",
    "1.21.3-recommended": "53.1.0",
    "1.21.4-latest": "54.1.3",
    "1.21.4-recommended": "54.1.0",
    "1.21.5-latest": "55.0.16"
  }
}
[19May2025 21:04:03.938] [Forge Version Check/INFO] [net.minecraftforge.fml.VersionChecker/]: [forge] Found status: OUTDATED Current: 43.4.2 Target: 43.5.0
[19May2025 21:04:06.286] [main/INFO] [com.mojang.authlib.yggdrasil.YggdrasilAuthenticationService/]: Environment: authHost='https://authserver.mojang.com', accountsHost='https://api.mojang.com', sessionHost='https://sessionserver.mojang.com', servicesHost='https://api.minecraftservices.com', name='PROD'
[19May2025 21:04:08.948] [main/WARN] [net.minecraft.server.packs.VanillaPackResources/]: Assets URL 'union:/workspaces/Travestis-al-ataque/servidor_minecraft/libraries/net/minecraft/server/1.19.2-20220805.130853/server-1.19.2-20220805.130853-srg.jar%23105!/assets/.mcassetsroot' uses unexpected schema
[19May2025 21:04:08.948] [main/WARN] [net.minecraft.server.packs.VanillaPackResources/]: Assets URL 'union:/workspaces/Travestis-al-ataque/servidor_minecraft/libraries/net/minecraft/server/1.19.2-20220805.130853/server-1.19.2-20220805.130853-srg.jar%23105!/data/.mcassetsroot' uses unexpected schema
[19May2025 21:04:09.052] [main/DEBUG] [net.minecraftforge.server.ServerLifecycleHooks/CORE]: Generating PackInfo named mod:forge for mod file /workspaces/Travestis-al-ataque/servidor_minecraft/libraries/net/minecraftforge/forge/1.19.2-43.4.2/forge-1.19.2-43.4.2-universal.jar
[19May2025 21:04:09.052] [main/DEBUG] [net.minecraftforge.server.ServerLifecycleHooks/CORE]: Generating PackInfo named mod:geckolib3 for mod file /workspaces/Travestis-al-ataque/servidor_minecraft/mods/geckolib-forge-1.19-3.1.40.jar
[19May2025 21:04:09.053] [main/DEBUG] [net.minecraftforge.server.ServerLifecycleHooks/CORE]: Generating PackInfo named mod:mimicer for mod file /workspaces/Travestis-al-ataque/servidor_minecraft/mods/Mimicer v4 2.0.jar
[19May2025 21:04:15.639] [main/INFO] [net.minecraft.world.item.crafting.RecipeManager/]: Loaded 7 recipes
[19May2025 21:04:17.033] [main/INFO] [net.minecraft.advancements.AdvancementList/]: Loaded 1179 advancements
[19May2025 21:04:18.145] [main/DEBUG] [net.minecraftforge.common.ForgeHooks/WP]: Gathering id map for writing to world save world
[19May2025 21:04:18.161] [main/DEBUG] [net.minecraftforge.common.ForgeHooks/WP]: ID Map collection complete world
[19May2025 21:04:18.363] [Server thread/INFO] [net.minecraft.server.dedicated.DedicatedServer/]: Starting minecraft server version 1.19.2
[19May2025 21:04:18.364] [Server thread/INFO] [net.minecraft.server.dedicated.DedicatedServer/]: Loading properties
[19May2025 21:04:18.364] [Server thread/INFO] [net.minecraft.server.dedicated.DedicatedServer/]: Default game type: SURVIVAL
[19May2025 21:04:18.364] [Server thread/INFO] [net.minecraft.server.MinecraftServer/]: Generating keypair
[19May2025 21:04:18.843] [Server thread/INFO] [net.minecraft.server.dedicated.DedicatedServer/]: Starting Minecraft server on *:25565
[19May2025 21:04:18.848] [Server thread/DEBUG] [net.minecraftforge.network.DualStackUtils/]: Detected IPv6 address: "0:0:0:0:0:0:0:0"
[19May2025 21:04:18.876] [Server thread/DEBUG] [io.netty.util.internal.NativeLibraryLoader/]: -Dio.netty.native.workdir: /tmp (io.netty.tmpdir)
[19May2025 21:04:18.879] [Server thread/DEBUG] [io.netty.util.internal.NativeLibraryLoader/]: -Dio.netty.native.deleteLibAfterLoading: true
[19May2025 21:04:18.879] [Server thread/DEBUG] [io.netty.util.internal.NativeLibraryLoader/]: -Dio.netty.native.tryPatchShadedId: true
[19May2025 21:04:18.879] [Server thread/DEBUG] [io.netty.util.internal.NativeLibraryLoader/]: -Dio.netty.native.detectNativeLibraryDuplicates: true
[19May2025 21:04:18.902] [Server thread/DEBUG] [io.netty.util.internal.NativeLibraryLoader/]: Successfully loaded the library /tmp/libnetty_transport_native_epoll_x86_648523210744720145453.so
[19May2025 21:04:18.920] [Server thread/DEBUG] [io.netty.util.NetUtil/]: -Djava.net.preferIPv4Stack: false
[19May2025 21:04:18.920] [Server thread/DEBUG] [io.netty.util.NetUtil/]: -Djava.net.preferIPv6Addresses: true
[19May2025 21:04:18.959] [Server thread/DEBUG] [io.netty.util.NetUtilInitializations/]: Loopback interface: lo (lo, 0:0:0:0:0:0:0:1%lo)
[19May2025 21:04:18.964] [Server thread/DEBUG] [io.netty.util.NetUtil/]: /proc/sys/net/core/somaxconn: 4096
[19May2025 21:04:18.977] [Server thread/INFO] [net.minecraft.server.network.ServerConnectionListener/]: Using epoll channel type
[19May2025 21:04:19.025] [Server thread/DEBUG] [io.netty.channel.MultithreadEventLoopGroup/]: -Dio.netty.eventLoopThreads: 4
[19May2025 21:04:19.050] [Server thread/DEBUG] [io.netty.util.internal.InternalThreadLocalMap/]: -Dio.netty.threadLocalMap.stringBuilder.initialSize: 1024
[19May2025 21:04:19.051] [Server thread/DEBUG] [io.netty.util.internal.InternalThreadLocalMap/]: -Dio.netty.threadLocalMap.stringBuilder.maxSize: 4096
[19May2025 21:04:19.068] [Server thread/DEBUG] [io.netty.util.internal.PlatformDependent/]: org.jctools-core.MpscChunkedArrayQueue: available
[19May2025 21:04:19.094] [Server thread/DEBUG] [io.netty.channel.DefaultChannelId/]: -Dio.netty.processId: 2988 (auto-detected)
[19May2025 21:04:19.095] [Server thread/DEBUG] [io.netty.channel.DefaultChannelId/]: -Dio.netty.machineId: 60:45:bd:ff:fe:bf:52:9b (auto-detected)
[19May2025 21:04:19.195] [Server thread/DEBUG] [io.netty.buffer.PooledByteBufAllocator/]: -Dio.netty.allocator.numHeapArenas: 4
[19May2025 21:04:19.195] [Server thread/DEBUG] [io.netty.buffer.PooledByteBufAllocator/]: -Dio.netty.allocator.numDirectArenas: 4
[19May2025 21:04:19.196] [Server thread/DEBUG] [io.netty.buffer.PooledByteBufAllocator/]: -Dio.netty.allocator.pageSize: 8192
[19May2025 21:04:19.197] [Server thread/DEBUG] [io.netty.buffer.PooledByteBufAllocator/]: -Dio.netty.allocator.maxOrder: 9
[19May2025 21:04:19.197] [Server thread/DEBUG] [io.netty.buffer.PooledByteBufAllocator/]: -Dio.netty.allocator.chunkSize: 4194304
[19May2025 21:04:19.197] [Server thread/DEBUG] [io.netty.buffer.PooledByteBufAllocator/]: -Dio.netty.allocator.smallCacheSize: 256
[19May2025 21:04:19.197] [Server thread/DEBUG] [io.netty.buffer.PooledByteBufAllocator/]: -Dio.netty.allocator.normalCacheSize: 64
[19May2025 21:04:19.197] [Server thread/DEBUG] [io.netty.buffer.PooledByteBufAllocator/]: -Dio.netty.allocator.maxCachedBufferCapacity: 32768
[19May2025 21:04:19.197] [Server thread/DEBUG] [io.netty.buffer.PooledByteBufAllocator/]: -Dio.netty.allocator.cacheTrimInterval: 8192
[19May2025 21:04:19.197] [Server thread/DEBUG] [io.netty.buffer.PooledByteBufAllocator/]: -Dio.netty.allocator.cacheTrimIntervalMillis: 0
[19May2025 21:04:19.198] [Server thread/DEBUG] [io.netty.buffer.PooledByteBufAllocator/]: -Dio.netty.allocator.useCacheForAllThreads: false
[19May2025 21:04:19.198] [Server thread/DEBUG] [io.netty.buffer.PooledByteBufAllocator/]: -Dio.netty.allocator.maxCachedByteBuffersPerChunk: 1023
[19May2025 21:04:19.231] [Server thread/DEBUG] [io.netty.buffer.ByteBufUtil/]: -Dio.netty.allocator.type: pooled
[19May2025 21:04:19.231] [Server thread/DEBUG] [io.netty.buffer.ByteBufUtil/]: -Dio.netty.threadLocalDirectBufferSize: 0
[19May2025 21:04:19.231] [Server thread/DEBUG] [io.netty.buffer.ByteBufUtil/]: -Dio.netty.maxThreadLocalCharBufferSize: 16384
[19May2025 21:04:19.255] [Server thread/WARN] [net.minecraft.server.dedicated.DedicatedServer/]: **** SERVER IS RUNNING IN OFFLINE/INSECURE MODE!
[19May2025 21:04:19.256] [Server thread/WARN] [net.minecraft.server.dedicated.DedicatedServer/]: The server will make no attempt to authenticate usernames. Beware.
[19May2025 21:04:19.257] [Server thread/WARN] [net.minecraft.server.dedicated.DedicatedServer/]: While this makes the game possible to play without internet access, it also opens up the ability for hackers to connect with any username they choose.
[19May2025 21:04:19.257] [Server thread/WARN] [net.minecraft.server.dedicated.DedicatedServer/]: To change this, set "online-mode" to "true" in the server.properties file.
[19May2025 21:04:19.308] [Server thread/DEBUG] [net.minecraftforge.fml.loading.FileUtils/CORE]: Found existing serverconfig directory : ./world/serverconfig
[19May2025 21:04:19.308] [Server thread/DEBUG] [net.minecraftforge.fml.config.ConfigTracker/CONFIG]: Loading configs type SERVER
[19May2025 21:04:19.309] [Server thread/DEBUG] [net.minecraftforge.fml.config.ConfigFileTypeHandler/CONFIG]: Built TOML config for ./world/serverconfig/mimicer-server.toml
[19May2025 21:04:19.319] [Server thread/DEBUG] [net.minecraftforge.fml.config.ConfigFileTypeHandler/CONFIG]: Loaded TOML config file ./world/serverconfig/mimicer-server.toml
[19May2025 21:04:19.321] [Server thread/DEBUG] [net.minecraftforge.fml.config.ConfigFileTypeHandler/CONFIG]: Watching TOML config file ./world/serverconfig/mimicer-server.toml for changes
[19May2025 21:04:19.323] [Thread-0/DEBUG] [net.minecraftforge.fml.config.ConfigFileTypeHandler/CONFIG]: Config file mimicer-server.toml changed, sending notifies
[19May2025 21:04:19.328] [Server thread/DEBUG] [net.minecraftforge.fml.config.ConfigFileTypeHandler/CONFIG]: Built TOML config for ./world/serverconfig/forge-server.toml
[19May2025 21:04:19.327] [Thread-0/INFO] [de.cadentem.mimicer.Mimicer/]: Server configuration has been reloaded
[19May2025 21:04:19.329] [Server thread/DEBUG] [net.minecraftforge.fml.config.ConfigFileTypeHandler/CONFIG]: Loaded TOML config file ./world/serverconfig/forge-server.toml
[19May2025 21:04:19.331] [Server thread/DEBUG] [net.minecraftforge.fml.config.ConfigFileTypeHandler/CONFIG]: Watching TOML config file ./world/serverconfig/forge-server.toml for changes
[19May2025 21:04:19.332] [Server thread/DEBUG] [net.minecraftforge.common.ForgeConfig/FORGEMOD]: Loaded forge config file forge-server.toml
[19May2025 21:04:19.333] [Thread-0/DEBUG] [net.minecraftforge.fml.config.ConfigFileTypeHandler/CONFIG]: Config file mimicer-server.toml changed, sending notifies
[19May2025 21:04:19.338] [Thread-0/INFO] [de.cadentem.mimicer.Mimicer/]: Server configuration has been reloaded
[19May2025 21:04:19.342] [Thread-0/DEBUG] [net.minecraftforge.fml.config.ConfigFileTypeHandler/CONFIG]: Config file forge-server.toml changed, sending notifies
[19May2025 21:04:19.342] [Thread-0/DEBUG] [net.minecraftforge.common.ForgeConfig/FORGEMOD]: Forge config just got changed on the file system!
[19May2025 21:04:19.397] [Server thread/INFO] [net.minecraft.server.dedicated.DedicatedServer/]: Preparing level "world"
[19May2025 21:04:39.541] [Server thread/INFO] [net.minecraft.server.MinecraftServer/]: Preparing start region for dimension minecraft:overworld
[19May2025 21:04:51.346] [Worker-Main-1/INFO] [net.minecraft.server.level.progress.LoggerChunkProgressListener/]: Preparing spawn area: 0%
[19May2025 21:04:51.349] [Worker-Main-1/INFO] [net.minecraft.server.level.progress.LoggerChunkProgressListener/]: Preparing spawn area: 0%
[19May2025 21:04:51.373] [Worker-Main-1/INFO] [net.minecraft.server.level.progress.LoggerChunkProgressListener/]: Preparing spawn area: 0%
[19May2025 21:04:51.407] [Worker-Main-1/INFO] [net.minecraft.server.level.progress.LoggerChunkProgressListener/]: Preparing spawn area: 0%
[19May2025 21:04:51.432] [Worker-Main-1/INFO] [net.minecraft.server.level.progress.LoggerChunkProgressListener/]: Preparing spawn area: 0%
[19May2025 21:04:51.469] [Worker-Main-1/INFO] [net.minecraft.server.level.progress.LoggerChunkProgressListener/]: Preparing spawn area: 0%
[19May2025 21:04:51.499] [Worker-Main-1/INFO] [net.minecraft.server.level.progress.LoggerChunkProgressListener/]: Preparing spawn area: 0%
[19May2025 21:04:51.507] [Worker-Main-1/INFO] [net.minecraft.server.level.progress.LoggerChunkProgressListener/]: Preparing spawn area: 0%
[19May2025 21:04:51.549] [Worker-Main-1/INFO] [net.minecraft.server.level.progress.LoggerChunkProgressListener/]: Preparing spawn area: 0%
[19May2025 21:04:51.567] [Worker-Main-1/INFO] [net.minecraft.server.level.progress.LoggerChunkProgressListener/]: Preparing spawn area: 0%
[19May2025 21:04:51.601] [Worker-Main-1/INFO] [net.minecraft.server.level.progress.LoggerChunkProgressListener/]: Preparing spawn area: 0%
[19May2025 21:04:51.637] [Worker-Main-1/INFO] [net.minecraft.server.level.progress.LoggerChunkProgressListener/]: Preparing spawn area: 0%
[19May2025 21:04:51.691] [Worker-Main-1/INFO] [net.minecraft.server.level.progress.LoggerChunkProgressListener/]: Preparing spawn area: 0%
[19May2025 21:04:51.776] [Worker-Main-1/INFO] [net.minecraft.server.level.progress.LoggerChunkProgressListener/]: Preparing spawn area: 0%
[19May2025 21:04:51.840] [Worker-Main-1/INFO] [net.minecraft.server.level.progress.LoggerChunkProgressListener/]: Preparing spawn area: 0%
[19May2025 21:04:51.915] [Worker-Main-1/INFO] [net.minecraft.server.level.progress.LoggerChunkProgressListener/]: Preparing spawn area: 0%
[19May2025 21:04:51.966] [Worker-Main-1/INFO] [net.minecraft.server.level.progress.LoggerChunkProgressListener/]: Preparing spawn area: 0%
[19May2025 21:04:51.987] [Worker-Main-1/INFO] [net.minecraft.server.level.progress.LoggerChunkProgressListener/]: Preparing spawn area: 0%
[19May2025 21:04:52.020] [Worker-Main-1/INFO] [net.minecraft.server.level.progress.LoggerChunkProgressListener/]: Preparing spawn area: 0%
[19May2025 21:04:52.063] [Worker-Main-1/INFO] [net.minecraft.server.level.progress.LoggerChunkProgressListener/]: Preparing spawn area: 0%
[19May2025 21:04:52.097] [Worker-Main-1/INFO] [net.minecraft.server.level.progress.LoggerChunkProgressListener/]: Preparing spawn area: 0%
[19May2025 21:04:52.183] [Worker-Main-1/INFO] [net.minecraft.server.level.progress.LoggerChunkProgressListener/]: Preparing spawn area: 0%
[19May2025 21:04:52.195] [Worker-Main-1/INFO] [net.minecraft.server.level.progress.LoggerChunkProgressListener/]: Preparing spawn area: 0%
[19May2025 21:04:52.216] [Worker-Main-1/INFO] [net.minecraft.server.level.progress.LoggerChunkProgressListener/]: Preparing spawn area: 0%
[19May2025 21:04:52.242] [Worker-Main-1/INFO] [net.minecraft.server.level.progress.LoggerChunkProgressListener/]: Preparing spawn area: 0%
[19May2025 21:04:52.255] [Worker-Main-1/INFO] [net.minecraft.server.level.progress.LoggerChunkProgressListener/]: Preparing spawn area: 0%
[19May2025 21:04:52.554] [Worker-Main-1/INFO] [net.minecraft.server.level.progress.LoggerChunkProgressListener/]: Preparing spawn area: 0%
[19May2025 21:04:53.055] [Worker-Main-1/INFO] [net.minecraft.server.level.progress.LoggerChunkProgressListener/]: Preparing spawn area: 0%
[19May2025 21:04:53.566] [Worker-Main-1/INFO] [net.minecraft.server.level.progress.LoggerChunkProgressListener/]: Preparing spawn area: 0%
[19May2025 21:04:54.047] [Worker-Main-1/INFO] [net.minecraft.server.level.progress.LoggerChunkProgressListener/]: Preparing spawn area: 0%
[19May2025 21:04:54.569] [Worker-Main-1/INFO] [net.minecraft.server.level.progress.LoggerChunkProgressListener/]: Preparing spawn area: 0%
[19May2025 21:04:55.048] [Worker-Main-1/INFO] [net.minecraft.server.level.progress.LoggerChunkProgressListener/]: Preparing spawn area: 0%
[19May2025 21:04:55.570] [Worker-Main-1/INFO] [net.minecraft.server.level.progress.LoggerChunkProgressListener/]: Preparing spawn area: 0%
[19May2025 21:04:56.047] [Worker-Main-1/INFO] [net.minecraft.server.level.progress.LoggerChunkProgressListener/]: Preparing spawn area: 0%
[19May2025 21:04:56.546] [Worker-Main-1/INFO] [net.minecraft.server.level.progress.LoggerChunkProgressListener/]: Preparing spawn area: 0%
[19May2025 21:04:57.047] [Worker-Main-1/INFO] [net.minecraft.server.level.progress.LoggerChunkProgressListener/]: Preparing spawn area: 0%
[19May2025 21:04:57.549] [Worker-Main-1/INFO] [net.minecraft.server.level.progress.LoggerChunkProgressListener/]: Preparing spawn area: 0%
[19May2025 21:04:58.255] [Worker-Main-1/INFO] [net.minecraft.server.level.progress.LoggerChunkProgressListener/]: Preparing spawn area: 0%
[19May2025 21:04:58.829] [Worker-Main-1/INFO] [net.minecraft.server.level.progress.LoggerChunkProgressListener/]: Preparing spawn area: 8%
[19May2025 21:04:59.180] [Worker-Main-1/INFO] [net.minecraft.server.level.progress.LoggerChunkProgressListener/]: Preparing spawn area: 77%
[19May2025 21:04:59.891] [Server thread/INFO] [net.minecraft.server.level.progress.LoggerChunkProgressListener/]: Time elapsed: 20346 ms
[19May2025 21:04:59.893] [Server thread/INFO] [net.minecraft.server.dedicated.DedicatedServer/]: Done (40.594s)! For help, type "help"
[19May2025 21:04:59.907] [Server thread/DEBUG] [net.minecraftforge.common.ForgeI18n/CORE]: Loading I18N data entries: 209
[19May2025 21:04:59.912] [Server thread/INFO] [net.minecraftforge.server.permission.PermissionAPI/]: Successfully initialized permission handler forge:default_handler
[19May2025 21:05:05.869] [Netty Epoll Server IO #1/DEBUG] [io.netty.util.Recycler/]: -Dio.netty.recycler.maxCapacityPerThread: 4096
[19May2025 21:05:05.869] [Netty Epoll Server IO #1/DEBUG] [io.netty.util.Recycler/]: -Dio.netty.recycler.ratio: 8
[19May2025 21:05:05.869] [Netty Epoll Server IO #1/DEBUG] [io.netty.util.Recycler/]: -Dio.netty.recycler.chunkSize: 32
[19May2025 21:05:05.869] [Netty Epoll Server IO #1/DEBUG] [io.netty.util.Recycler/]: -Dio.netty.recycler.blocking: false
[19May2025 21:05:05.920] [Netty Epoll Server IO #1/DEBUG] [io.netty.buffer.AbstractByteBuf/]: -Dio.netty.buffer.checkAccessible: true
[19May2025 21:05:05.933] [Netty Epoll Server IO #1/DEBUG] [io.netty.buffer.AbstractByteBuf/]: -Dio.netty.buffer.checkBounds: true
[19May2025 21:05:05.940] [Netty Epoll Server IO #1/DEBUG] [io.netty.util.ResourceLeakDetectorFactory/]: Loaded default ResourceLeakDetector: io.netty.util.ResourceLeakDetector@633ccf56
[19May2025 21:05:14.222] [Netty Epoll Server IO #2/DEBUG] [net.minecraftforge.network.HandshakeHandler/FMLHANDSHAKE]: Starting new modded impl connection. Found 22 messages to dispatch.
[19May2025 21:05:14.258] [Server thread/DEBUG] [net.minecraftforge.network.HandshakeHandler/FMLHANDSHAKE]: Sending ticking packet info 'net.minecraftforge.network.HandshakeMessages$S2CModData' to 'fml:handshake' sequence 0
[19May2025 21:05:14.300] [Server thread/DEBUG] [net.minecraftforge.network.HandshakeHandler/FMLHANDSHAKE]: Sending ticking packet info 'net.minecraftforge.network.HandshakeMessages$S2CModList' to 'fml:handshake' sequence 1
[19May2025 21:05:14.348] [Server thread/DEBUG] [net.minecraftforge.network.HandshakeHandler/FMLHANDSHAKE]: Sending ticking packet info 'Registry minecraft:command_argument_type' to 'fml:handshake' sequence 2
[19May2025 21:05:14.387] [Server thread/DEBUG] [net.minecraftforge.network.HandshakeHandler/FMLHANDSHAKE]: Sending ticking packet info 'Registry minecraft:recipe_serializer' to 'fml:handshake' sequence 3
[19May2025 21:05:14.443] [Server thread/DEBUG] [net.minecraftforge.network.HandshakeHandler/FMLHANDSHAKE]: Sending ticking packet info 'Registry minecraft:sound_event' to 'fml:handshake' sequence 4
[19May2025 21:05:14.463] [Netty Epoll Server IO #2/DEBUG] [net.minecraftforge.network.LoginWrapper/FMLHANDSHAKE]: Recieved login wrapper packet event for channel fml:handshake with index 1
[19May2025 21:05:14.472] [Netty Epoll Server IO #2/DEBUG] [net.minecraftforge.network.HandshakeHandler/FMLHANDSHAKE]: Received client indexed reply 1 of type net.minecraftforge.network.HandshakeMessages$C2SModListReply
[19May2025 21:05:14.473] [Netty Epoll Server IO #2/DEBUG] [net.minecraftforge.network.HandshakeHandler/FMLHANDSHAKE]: Received client connection with modlist [minecraft, forge, geckolib3, mimicer]
[19May2025 21:05:14.482] [Netty Epoll Server IO #2/DEBUG] [net.minecraftforge.network.NetworkRegistry/NETREGISTRY]: Channel 'fml:loginwrapper' : Version test of 'FML3' from client : ACCEPTED
[19May2025 21:05:14.489] [Netty Epoll Server IO #2/DEBUG] [net.minecraftforge.network.NetworkRegistry/NETREGISTRY]: Channel 'forge:tier_sorting' : Version test of '1.0' from client : ACCEPTED
[19May2025 21:05:14.489] [Netty Epoll Server IO #2/DEBUG] [net.minecraftforge.network.NetworkRegistry/NETREGISTRY]: Channel 'fml:handshake' : Version test of 'FML3' from client : ACCEPTED
[19May2025 21:05:14.489] [Netty Epoll Server IO #2/DEBUG] [net.minecraftforge.network.NetworkRegistry/NETREGISTRY]: Channel 'mimicer:main' : Version test of '2' from client : ACCEPTED
[19May2025 21:05:14.489] [Netty Epoll Server IO #2/DEBUG] [net.minecraftforge.network.NetworkRegistry/NETREGISTRY]: Channel 'geckolib3:main' : Version test of '0' from client : ACCEPTED
[19May2025 21:05:14.489] [Netty Epoll Server IO #2/DEBUG] [net.minecraftforge.network.NetworkRegistry/NETREGISTRY]: Channel 'minecraft:unregister' : Version test of 'FML3' from client : ACCEPTED
[19May2025 21:05:14.489] [Netty Epoll Server IO #2/DEBUG] [net.minecraftforge.network.NetworkRegistry/NETREGISTRY]: Channel 'fml:play' : Version test of 'FML3' from client : ACCEPTED
[19May2025 21:05:14.489] [Netty Epoll Server IO #2/DEBUG] [net.minecraftforge.network.NetworkRegistry/NETREGISTRY]: Channel 'minecraft:register' : Version test of 'FML3' from client : ACCEPTED
[19May2025 21:05:14.489] [Netty Epoll Server IO #2/DEBUG] [net.minecraftforge.network.NetworkRegistry/NETREGISTRY]: Channel 'forge:split' : Version test of '1.1' from client : ACCEPTED
[19May2025 21:05:14.489] [Netty Epoll Server IO #2/DEBUG] [net.minecraftforge.network.NetworkRegistry/NETREGISTRY]: Accepting channel list from client
[19May2025 21:05:14.496] [Netty Epoll Server IO #2/DEBUG] [net.minecraftforge.network.HandshakeHandler/FMLHANDSHAKE]: Accepted client connection mod list
[19May2025 21:05:14.498] [Netty Epoll Server IO #2/DEBUG] [net.minecraftforge.network.LoginWrapper/FMLHANDSHAKE]: Recieved login wrapper packet event for channel fml:handshake with index 2
[19May2025 21:05:14.499] [Netty Epoll Server IO #2/DEBUG] [net.minecraftforge.network.HandshakeHandler/FMLHANDSHAKE]: Received client indexed reply 2 of type net.minecraftforge.network.HandshakeMessages$C2SAcknowledge
[19May2025 21:05:14.499] [Netty Epoll Server IO #2/DEBUG] [net.minecraftforge.network.HandshakeHandler/FMLHANDSHAKE]: Received acknowledgement from client
[19May2025 21:05:14.504] [Server thread/DEBUG] [net.minecraftforge.network.HandshakeHandler/FMLHANDSHAKE]: Sending ticking packet info 'Registry minecraft:particle_type' to 'fml:handshake' sequence 5
[19May2025 21:05:14.530] [Netty Epoll Server IO #2/DEBUG] [net.minecraftforge.network.LoginWrapper/FMLHANDSHAKE]: Recieved login wrapper packet event for channel fml:handshake with index 3
[19May2025 21:05:14.532] [Netty Epoll Server IO #2/DEBUG] [net.minecraftforge.network.HandshakeHandler/FMLHANDSHAKE]: Received client indexed reply 3 of type net.minecraftforge.network.HandshakeMessages$C2SAcknowledge
[19May2025 21:05:14.532] [Netty Epoll Server IO #2/DEBUG] [net.minecraftforge.network.HandshakeHandler/FMLHANDSHAKE]: Received acknowledgement from client
[19May2025 21:05:14.553] [Server thread/DEBUG] [net.minecraftforge.network.HandshakeHandler/FMLHANDSHAKE]: Sending ticking packet info 'Registry minecraft:villager_profession' to 'fml:handshake' sequence 6
[19May2025 21:05:14.594] [Server thread/DEBUG] [net.minecraftforge.network.HandshakeHandler/FMLHANDSHAKE]: Sending ticking packet info 'Registry minecraft:item' to 'fml:handshake' sequence 7
[19May2025 21:05:14.638] [Server thread/DEBUG] [net.minecraftforge.network.HandshakeHandler/FMLHANDSHAKE]: Sending ticking packet info 'Registry minecraft:potion' to 'fml:handshake' sequence 8
[19May2025 21:05:14.704] [Server thread/DEBUG] [net.minecraftforge.network.HandshakeHandler/FMLHANDSHAKE]: Sending ticking packet info 'Registry minecraft:painting_variant' to 'fml:handshake' sequence 9
[19May2025 21:05:14.731] [Server thread/DEBUG] [net.minecraftforge.network.HandshakeHandler/FMLHANDSHAKE]: Sending ticking packet info 'Registry forge:fluid_type' to 'fml:handshake' sequence 10
[19May2025 21:05:14.746] [Netty Epoll Server IO #2/DEBUG] [net.minecraftforge.network.LoginWrapper/FMLHANDSHAKE]: Recieved login wrapper packet event for channel fml:handshake with index 4
[19May2025 21:05:14.748] [Netty Epoll Server IO #2/DEBUG] [net.minecraftforge.network.HandshakeHandler/FMLHANDSHAKE]: Received client indexed reply 4 of type net.minecraftforge.network.HandshakeMessages$C2SAcknowledge
[19May2025 21:05:14.749] [Netty Epoll Server IO #2/DEBUG] [net.minecraftforge.network.HandshakeHandler/FMLHANDSHAKE]: Received acknowledgement from client
[19May2025 21:05:14.752] [Netty Epoll Server IO #2/DEBUG] [net.minecraftforge.network.LoginWrapper/FMLHANDSHAKE]: Recieved login wrapper packet event for channel fml:handshake with index 5
[19May2025 21:05:14.753] [Netty Epoll Server IO #2/DEBUG] [net.minecraftforge.network.HandshakeHandler/FMLHANDSHAKE]: Received client indexed reply 5 of type net.minecraftforge.network.HandshakeMessages$C2SAcknowledge
[19May2025 21:05:14.754] [Netty Epoll Server IO #2/DEBUG] [net.minecraftforge.network.HandshakeHandler/FMLHANDSHAKE]: Received acknowledgement from client
[19May2025 21:05:14.761] [Netty Epoll Server IO #2/DEBUG] [net.minecraftforge.network.LoginWrapper/FMLHANDSHAKE]: Recieved login wrapper packet event for channel fml:handshake with index 6
[19May2025 21:05:14.762] [Netty Epoll Server IO #2/DEBUG] [net.minecraftforge.network.HandshakeHandler/FMLHANDSHAKE]: Received client indexed reply 6 of type net.minecraftforge.network.HandshakeMessages$C2SAcknowledge
[19May2025 21:05:14.762] [Netty Epoll Server IO #2/DEBUG] [net.minecraftforge.network.HandshakeHandler/FMLHANDSHAKE]: Received acknowledgement from client
[19May2025 21:05:14.770] [Netty Epoll Server IO #2/DEBUG] [net.minecraftforge.network.LoginWrapper/FMLHANDSHAKE]: Recieved login wrapper packet event for channel fml:handshake with index 7
[19May2025 21:05:14.770] [Netty Epoll Server IO #2/DEBUG] [net.minecraftforge.network.HandshakeHandler/FMLHANDSHAKE]: Received client indexed reply 7 of type net.minecraftforge.network.HandshakeMessages$C2SAcknowledge
[19May2025 21:05:14.772] [Netty Epoll Server IO #2/DEBUG] [net.minecraftforge.network.HandshakeHandler/FMLHANDSHAKE]: Received acknowledgement from client
[19May2025 21:05:14.782] [Netty Epoll Server IO #2/DEBUG] [net.minecraftforge.network.LoginWrapper/FMLHANDSHAKE]: Recieved login wrapper packet event for channel fml:handshake with index 8
[19May2025 21:05:14.783] [Netty Epoll Server IO #2/DEBUG] [net.minecraftforge.network.HandshakeHandler/FMLHANDSHAKE]: Received client indexed reply 8 of type net.minecraftforge.network.HandshakeMessages$C2SAcknowledge
[19May2025 21:05:14.783] [Netty Epoll Server IO #2/DEBUG] [net.minecraftforge.network.HandshakeHandler/FMLHANDSHAKE]: Received acknowledgement from client
[19May2025 21:05:14.807] [Server thread/DEBUG] [net.minecraftforge.network.HandshakeHandler/FMLHANDSHAKE]: Sending ticking packet info 'Registry minecraft:block_entity_type' to 'fml:handshake' sequence 11
[19May2025 21:05:14.828] [Server thread/DEBUG] [net.minecraftforge.network.HandshakeHandler/FMLHANDSHAKE]: Sending ticking packet info 'Registry minecraft:block' to 'fml:handshake' sequence 12
[19May2025 21:05:14.844] [Netty Epoll Server IO #2/DEBUG] [net.minecraftforge.network.LoginWrapper/FMLHANDSHAKE]: Recieved login wrapper packet event for channel fml:handshake with index 9
[19May2025 21:05:14.845] [Netty Epoll Server IO #2/DEBUG] [net.minecraftforge.network.HandshakeHandler/FMLHANDSHAKE]: Received client indexed reply 9 of type net.minecraftforge.network.HandshakeMessages$C2SAcknowledge
[19May2025 21:05:14.845] [Netty Epoll Server IO #2/DEBUG] [net.minecraftforge.network.HandshakeHandler/FMLHANDSHAKE]: Received acknowledgement from client
[19May2025 21:05:14.870] [Netty Epoll Server IO #2/DEBUG] [net.minecraftforge.network.LoginWrapper/FMLHANDSHAKE]: Recieved login wrapper packet event for channel fml:handshake with index 10
[19May2025 21:05:14.870] [Netty Epoll Server IO #2/DEBUG] [net.minecraftforge.network.HandshakeHandler/FMLHANDSHAKE]: Received client indexed reply 10 of type net.minecraftforge.network.HandshakeMessages$C2SAcknowledge
[19May2025 21:05:14.870] [Netty Epoll Server IO #2/DEBUG] [net.minecraftforge.network.HandshakeHandler/FMLHANDSHAKE]: Received acknowledgement from client
[19May2025 21:05:14.876] [Server thread/DEBUG] [net.minecraftforge.network.HandshakeHandler/FMLHANDSHAKE]: Sending ticking packet info 'Registry forge:entity_data_serializers' to 'fml:handshake' sequence 13
[19May2025 21:05:14.914] [Server thread/DEBUG] [net.minecraftforge.network.HandshakeHandler/FMLHANDSHAKE]: Sending ticking packet info 'Registry minecraft:mob_effect' to 'fml:handshake' sequence 14
[19May2025 21:05:14.945] [Netty Epoll Server IO #2/DEBUG] [net.minecraftforge.network.LoginWrapper/FMLHANDSHAKE]: Recieved login wrapper packet event for channel fml:handshake with index 11
[19May2025 21:05:14.945] [Netty Epoll Server IO #2/DEBUG] [net.minecraftforge.network.HandshakeHandler/FMLHANDSHAKE]: Received client indexed reply 11 of type net.minecraftforge.network.HandshakeMessages$C2SAcknowledge
[19May2025 21:05:14.946] [Netty Epoll Server IO #2/DEBUG] [net.minecraftforge.network.HandshakeHandler/FMLHANDSHAKE]: Received acknowledgement from client
[19May2025 21:05:14.964] [Server thread/DEBUG] [net.minecraftforge.network.HandshakeHandler/FMLHANDSHAKE]: Sending ticking packet info 'Registry minecraft:stat_type' to 'fml:handshake' sequence 15
[19May2025 21:05:14.969] [Netty Epoll Server IO #2/DEBUG] [net.minecraftforge.network.LoginWrapper/FMLHANDSHAKE]: Recieved login wrapper packet event for channel fml:handshake with index 12
[19May2025 21:05:14.969] [Netty Epoll Server IO #2/DEBUG] [net.minecraftforge.network.HandshakeHandler/FMLHANDSHAKE]: Received client indexed reply 12 of type net.minecraftforge.network.HandshakeMessages$C2SAcknowledge
[19May2025 21:05:14.969] [Netty Epoll Server IO #2/DEBUG] [net.minecraftforge.network.HandshakeHandler/FMLHANDSHAKE]: Received acknowledgement from client
[19May2025 21:05:15.012] [Netty Epoll Server IO #2/DEBUG] [net.minecraftforge.network.LoginWrapper/FMLHANDSHAKE]: Recieved login wrapper packet event for channel fml:handshake with index 13
[19May2025 21:05:15.012] [Netty Epoll Server IO #2/DEBUG] [net.minecraftforge.network.HandshakeHandler/FMLHANDSHAKE]: Received client indexed reply 13 of type net.minecraftforge.network.HandshakeMessages$C2SAcknowledge
[19May2025 21:05:15.012] [Netty Epoll Server IO #2/DEBUG] [net.minecraftforge.network.HandshakeHandler/FMLHANDSHAKE]: Received acknowledgement from client
[19May2025 21:05:15.014] [Server thread/DEBUG] [net.minecraftforge.network.HandshakeHandler/FMLHANDSHAKE]: Sending ticking packet info 'Registry minecraft:menu' to 'fml:handshake' sequence 16
[19May2025 21:05:15.048] [Netty Epoll Server IO #2/DEBUG] [net.minecraftforge.network.LoginWrapper/FMLHANDSHAKE]: Recieved login wrapper packet event for channel fml:handshake with index 14
[19May2025 21:05:15.048] [Netty Epoll Server IO #2/DEBUG] [net.minecraftforge.network.HandshakeHandler/FMLHANDSHAKE]: Received client indexed reply 14 of type net.minecraftforge.network.HandshakeMessages$C2SAcknowledge
[19May2025 21:05:15.049] [Netty Epoll Server IO #2/DEBUG] [net.minecraftforge.network.HandshakeHandler/FMLHANDSHAKE]: Received acknowledgement from client
[19May2025 21:05:15.064] [Server thread/DEBUG] [net.minecraftforge.network.HandshakeHandler/FMLHANDSHAKE]: Sending ticking packet info 'Registry minecraft:enchantment' to 'fml:handshake' sequence 17
[19May2025 21:05:15.100] [Netty Epoll Server IO #2/DEBUG] [net.minecraftforge.network.LoginWrapper/FMLHANDSHAKE]: Recieved login wrapper packet event for channel fml:handshake with index 15
[19May2025 21:05:15.101] [Netty Epoll Server IO #2/DEBUG] [net.minecraftforge.network.HandshakeHandler/FMLHANDSHAKE]: Received client indexed reply 15 of type net.minecraftforge.network.HandshakeMessages$C2SAcknowledge
[19May2025 21:05:15.101] [Netty Epoll Server IO #2/DEBUG] [net.minecraftforge.network.HandshakeHandler/FMLHANDSHAKE]: Received acknowledgement from client
[19May2025 21:05:15.114] [Server thread/DEBUG] [net.minecraftforge.network.HandshakeHandler/FMLHANDSHAKE]: Sending ticking packet info 'Registry minecraft:fluid' to 'fml:handshake' sequence 18
[19May2025 21:05:15.148] [Netty Epoll Server IO #2/DEBUG] [net.minecraftforge.network.LoginWrapper/FMLHANDSHAKE]: Recieved login wrapper packet event for channel fml:handshake with index 16
[19May2025 21:05:15.148] [Netty Epoll Server IO #2/DEBUG] [net.minecraftforge.network.HandshakeHandler/FMLHANDSHAKE]: Received client indexed reply 16 of type net.minecraftforge.network.HandshakeMessages$C2SAcknowledge
[19May2025 21:05:15.149] [Netty Epoll Server IO #2/DEBUG] [net.minecraftforge.network.HandshakeHandler/FMLHANDSHAKE]: Received acknowledgement from client
[19May2025 21:05:15.164] [Server thread/DEBUG] [net.minecraftforge.network.HandshakeHandler/FMLHANDSHAKE]: Sending ticking packet info 'Registry minecraft:entity_type' to 'fml:handshake' sequence 19
[19May2025 21:05:15.206] [Netty Epoll Server IO #2/DEBUG] [net.minecraftforge.network.LoginWrapper/FMLHANDSHAKE]: Recieved login wrapper packet event for channel fml:handshake with index 17
[19May2025 21:05:15.207] [Netty Epoll Server IO #2/DEBUG] [net.minecraftforge.network.HandshakeHandler/FMLHANDSHAKE]: Received client indexed reply 17 of type net.minecraftforge.network.HandshakeMessages$C2SAcknowledge
[19May2025 21:05:15.207] [Netty Epoll Server IO #2/DEBUG] [net.minecraftforge.network.HandshakeHandler/FMLHANDSHAKE]: Received acknowledgement from client
[19May2025 21:05:15.221] [Server thread/DEBUG] [net.minecraftforge.network.HandshakeHandler/FMLHANDSHAKE]: Sending ticking packet info 'Config mimicer-server.toml' to 'fml:handshake' sequence 20
[19May2025 21:05:15.247] [Netty Epoll Server IO #2/DEBUG] [net.minecraftforge.network.LoginWrapper/FMLHANDSHAKE]: Recieved login wrapper packet event for channel fml:handshake with index 18
[19May2025 21:05:15.249] [Netty Epoll Server IO #2/DEBUG] [net.minecraftforge.network.HandshakeHandler/FMLHANDSHAKE]: Received client indexed reply 18 of type net.minecraftforge.network.HandshakeMessages$C2SAcknowledge
[19May2025 21:05:15.249] [Netty Epoll Server IO #2/DEBUG] [net.minecraftforge.network.HandshakeHandler/FMLHANDSHAKE]: Received acknowledgement from client
[19May2025 21:05:15.268] [Server thread/DEBUG] [net.minecraftforge.network.HandshakeHandler/FMLHANDSHAKE]: Sending ticking packet info 'Config forge-server.toml' to 'fml:handshake' sequence 21
[19May2025 21:05:16.460] [Netty Epoll Server IO #2/DEBUG] [net.minecraftforge.network.LoginWrapper/FMLHANDSHAKE]: Recieved login wrapper packet event for channel fml:handshake with index 19
[19May2025 21:05:16.461] [Netty Epoll Server IO #2/DEBUG] [net.minecraftforge.network.HandshakeHandler/FMLHANDSHAKE]: Received client indexed reply 19 of type net.minecraftforge.network.HandshakeMessages$C2SAcknowledge
[19May2025 21:05:16.461] [Netty Epoll Server IO #2/DEBUG] [net.minecraftforge.network.HandshakeHandler/FMLHANDSHAKE]: Received acknowledgement from client
[19May2025 21:05:16.502] [Netty Epoll Server IO #2/DEBUG] [net.minecraftforge.network.LoginWrapper/FMLHANDSHAKE]: Recieved login wrapper packet event for channel fml:handshake with index 20
[19May2025 21:05:16.502] [Netty Epoll Server IO #2/DEBUG] [net.minecraftforge.network.HandshakeHandler/FMLHANDSHAKE]: Received client indexed reply 20 of type net.minecraftforge.network.HandshakeMessages$C2SAcknowledge
[19May2025 21:05:16.502] [Netty Epoll Server IO #2/DEBUG] [net.minecraftforge.network.HandshakeHandler/FMLHANDSHAKE]: Received acknowledgement from client
[19May2025 21:05:16.503] [Netty Epoll Server IO #2/DEBUG] [net.minecraftforge.network.LoginWrapper/FMLHANDSHAKE]: Recieved login wrapper packet event for channel fml:handshake with index 21
[19May2025 21:05:16.503] [Netty Epoll Server IO #2/DEBUG] [net.minecraftforge.network.HandshakeHandler/FMLHANDSHAKE]: Received client indexed reply 21 of type net.minecraftforge.network.HandshakeMessages$C2SAcknowledge
[19May2025 21:05:16.503] [Netty Epoll Server IO #2/DEBUG] [net.minecraftforge.network.HandshakeHandler/FMLHANDSHAKE]: Received acknowledgement from client
[19May2025 21:05:16.513] [Server thread/DEBUG] [net.minecraftforge.network.HandshakeHandler/FMLHANDSHAKE]: Handshake complete!
[19May2025 21:05:16.701] [Server thread/INFO] [net.minecraftforge.common.AdvancementLoadFix/]: Using new advancement loading for net.minecraft.server.PlayerAdvancements@2085a975
[19May2025 21:05:16.757] [Server thread/INFO] [net.minecraft.server.players.PlayerList/]: siganconsumiendo[/172.22.56.168:53792] logged in with entity id 170 at (-25.5, 108.0, 7.5)
[19May2025 21:05:16.801] [Server thread/DEBUG] [net.minecraftforge.network.filters.NetworkFilters/]: Injected net.minecraftforge.network.filters.ForgeConnectionNetworkFilter@3aaaebb8 into net.minecraft.network.Connection@395ccb74
[19May2025 21:05:16.867] [Server thread/INFO] [net.minecraft.server.MinecraftServer/]: siganconsumiendo joined the game
[19May2025 21:05:18.242] [Server thread/DEBUG] [io.netty.util.internal.ThreadLocalRandom/]: -Dio.netty.initialSeedUniquifier: 0xa844060febf869d4
[19May2025 21:05:25.766] [Netty Epoll Server IO #0/DEBUG] [net.minecraftforge.network.HandshakeHandler/FMLHANDSHAKE]: Starting new modded impl connection. Found 22 messages to dispatch.
[19May2025 21:05:25.775] [Server thread/DEBUG] [net.minecraftforge.network.HandshakeHandler/FMLHANDSHAKE]: Sending ticking packet info 'net.minecraftforge.network.HandshakeMessages$S2CModData' to 'fml:handshake' sequence 0
[19May2025 21:05:25.825] [Server thread/DEBUG] [net.minecraftforge.network.HandshakeHandler/FMLHANDSHAKE]: Sending ticking packet info 'net.minecraftforge.network.HandshakeMessages$S2CModList' to 'fml:handshake' sequence 1
[19May2025 21:05:25.940] [Server thread/DEBUG] [net.minecraftforge.network.HandshakeHandler/FMLHANDSHAKE]: Sending ticking packet info 'Registry minecraft:command_argument_type' to 'fml:handshake' sequence 2
[19May2025 21:05:25.955] [Server thread/DEBUG] [net.minecraftforge.network.HandshakeHandler/FMLHANDSHAKE]: Sending ticking packet info 'Registry minecraft:recipe_serializer' to 'fml:handshake' sequence 3
[19May2025 21:05:25.974] [Server thread/DEBUG] [net.minecraftforge.network.HandshakeHandler/FMLHANDSHAKE]: Sending ticking packet info 'Registry minecraft:sound_event' to 'fml:handshake' sequence 4
[19May2025 21:05:25.985] [Netty Epoll Server IO #0/DEBUG] [net.minecraftforge.network.LoginWrapper/FMLHANDSHAKE]: Recieved login wrapper packet event for channel fml:handshake with index 1
[19May2025 21:05:25.985] [Netty Epoll Server IO #0/DEBUG] [net.minecraftforge.network.HandshakeHandler/FMLHANDSHAKE]: Received client indexed reply 1 of type net.minecraftforge.network.HandshakeMessages$C2SModListReply
[19May2025 21:05:25.985] [Netty Epoll Server IO #0/DEBUG] [net.minecraftforge.network.HandshakeHandler/FMLHANDSHAKE]: Received client connection with modlist [minecraft, forge, geckolib3, mimicer]
[19May2025 21:05:25.986] [Netty Epoll Server IO #0/DEBUG] [net.minecraftforge.network.NetworkRegistry/NETREGISTRY]: Channel 'fml:loginwrapper' : Version test of 'FML3' from client : ACCEPTED
[19May2025 21:05:25.987] [Netty Epoll Server IO #0/DEBUG] [net.minecraftforge.network.NetworkRegistry/NETREGISTRY]: Channel 'forge:tier_sorting' : Version test of '1.0' from client : ACCEPTED
[19May2025 21:05:25.987] [Netty Epoll Server IO #0/DEBUG] [net.minecraftforge.network.NetworkRegistry/NETREGISTRY]: Channel 'fml:handshake' : Version test of 'FML3' from client : ACCEPTED
[19May2025 21:05:25.987] [Netty Epoll Server IO #0/DEBUG] [net.minecraftforge.network.NetworkRegistry/NETREGISTRY]: Channel 'mimicer:main' : Version test of '2' from client : ACCEPTED
[19May2025 21:05:25.988] [Netty Epoll Server IO #0/DEBUG] [net.minecraftforge.network.NetworkRegistry/NETREGISTRY]: Channel 'geckolib3:main' : Version test of '0' from client : ACCEPTED
[19May2025 21:05:25.989] [Netty Epoll Server IO #0/DEBUG] [net.minecraftforge.network.NetworkRegistry/NETREGISTRY]: Channel 'minecraft:unregister' : Version test of 'FML3' from client : ACCEPTED
[19May2025 21:05:25.989] [Netty Epoll Server IO #0/DEBUG] [net.minecraftforge.network.NetworkRegistry/NETREGISTRY]: Channel 'fml:play' : Version test of 'FML3' from client : ACCEPTED
[19May2025 21:05:25.989] [Netty Epoll Server IO #0/DEBUG] [net.minecraftforge.network.NetworkRegistry/NETREGISTRY]: Channel 'minecraft:register' : Version test of 'FML3' from client : ACCEPTED
[19May2025 21:05:25.990] [Netty Epoll Server IO #0/DEBUG] [net.minecraftforge.network.NetworkRegistry/NETREGISTRY]: Channel 'forge:split' : Version test of '1.1' from client : ACCEPTED
[19May2025 21:05:25.991] [Netty Epoll Server IO #0/DEBUG] [net.minecraftforge.network.NetworkRegistry/NETREGISTRY]: Accepting channel list from client
[19May2025 21:05:25.992] [Netty Epoll Server IO #0/DEBUG] [net.minecraftforge.network.HandshakeHandler/FMLHANDSHAKE]: Accepted client connection mod list
[19May2025 21:05:26.025] [Server thread/DEBUG] [net.minecraftforge.network.HandshakeHandler/FMLHANDSHAKE]: Sending ticking packet info 'Registry minecraft:particle_type' to 'fml:handshake' sequence 5
[19May2025 21:05:26.056] [Server thread/DEBUG] [net.minecraftforge.network.HandshakeHandler/FMLHANDSHAKE]: Sending ticking packet info 'Registry minecraft:villager_profession' to 'fml:handshake' sequence 6
[19May2025 21:05:26.095] [Netty Epoll Server IO #0/DEBUG] [net.minecraftforge.network.LoginWrapper/FMLHANDSHAKE]: Recieved login wrapper packet event for channel fml:handshake with index 2
[19May2025 21:05:26.095] [Netty Epoll Server IO #0/DEBUG] [net.minecraftforge.network.HandshakeHandler/FMLHANDSHAKE]: Received client indexed reply 2 of type net.minecraftforge.network.HandshakeMessages$C2SAcknowledge
[19May2025 21:05:26.096] [Netty Epoll Server IO #0/DEBUG] [net.minecraftforge.network.HandshakeHandler/FMLHANDSHAKE]: Received acknowledgement from client
[19May2025 21:05:26.106] [Netty Epoll Server IO #0/DEBUG] [net.minecraftforge.network.LoginWrapper/FMLHANDSHAKE]: Recieved login wrapper packet event for channel fml:handshake with index 3
[19May2025 21:05:26.106] [Netty Epoll Server IO #0/DEBUG] [net.minecraftforge.network.HandshakeHandler/FMLHANDSHAKE]: Received client indexed reply 3 of type net.minecraftforge.network.HandshakeMessages$C2SAcknowledge
[19May2025 21:05:26.107] [Netty Epoll Server IO #0/DEBUG] [net.minecraftforge.network.HandshakeHandler/FMLHANDSHAKE]: Received acknowledgement from client
[19May2025 21:05:26.131] [Server thread/DEBUG] [net.minecraftforge.network.HandshakeHandler/FMLHANDSHAKE]: Sending ticking packet info 'Registry minecraft:item' to 'fml:handshake' sequence 7
[19May2025 21:05:26.163] [Server thread/DEBUG] [net.minecraftforge.network.HandshakeHandler/FMLHANDSHAKE]: Sending ticking packet info 'Registry minecraft:potion' to 'fml:handshake' sequence 8
[19May2025 21:05:26.176] [Server thread/DEBUG] [net.minecraftforge.network.HandshakeHandler/FMLHANDSHAKE]: Sending ticking packet info 'Registry minecraft:painting_variant' to 'fml:handshake' sequence 9
[19May2025 21:05:26.238] [Server thread/DEBUG] [net.minecraftforge.network.HandshakeHandler/FMLHANDSHAKE]: Sending ticking packet info 'Registry forge:fluid_type' to 'fml:handshake' sequence 10
[19May2025 21:05:26.277] [Server thread/DEBUG] [net.minecraftforge.network.HandshakeHandler/FMLHANDSHAKE]: Sending ticking packet info 'Registry minecraft:block_entity_type' to 'fml:handshake' sequence 11
[19May2025 21:05:26.281] [Netty Epoll Server IO #0/DEBUG] [net.minecraftforge.network.LoginWrapper/FMLHANDSHAKE]: Recieved login wrapper packet event for channel fml:handshake with index 4
[19May2025 21:05:26.281] [Netty Epoll Server IO #0/DEBUG] [net.minecraftforge.network.HandshakeHandler/FMLHANDSHAKE]: Received client indexed reply 4 of type net.minecraftforge.network.HandshakeMessages$C2SAcknowledge
[19May2025 21:05:26.281] [Netty Epoll Server IO #0/DEBUG] [net.minecraftforge.network.HandshakeHandler/FMLHANDSHAKE]: Received acknowledgement from client
[19May2025 21:05:26.282] [Netty Epoll Server IO #0/DEBUG] [net.minecraftforge.network.LoginWrapper/FMLHANDSHAKE]: Recieved login wrapper packet event for channel fml:handshake with index 5
[19May2025 21:05:26.282] [Netty Epoll Server IO #0/DEBUG] [net.minecraftforge.network.HandshakeHandler/FMLHANDSHAKE]: Received client indexed reply 5 of type net.minecraftforge.network.HandshakeMessages$C2SAcknowledge
[19May2025 21:05:26.282] [Netty Epoll Server IO #0/DEBUG] [net.minecraftforge.network.HandshakeHandler/FMLHANDSHAKE]: Received acknowledgement from client
[19May2025 21:05:26.283] [Netty Epoll Server IO #0/DEBUG] [net.minecraftforge.network.LoginWrapper/FMLHANDSHAKE]: Recieved login wrapper packet event for channel fml:handshake with index 6
[19May2025 21:05:26.283] [Netty Epoll Server IO #0/DEBUG] [net.minecraftforge.network.HandshakeHandler/FMLHANDSHAKE]: Received client indexed reply 6 of type net.minecraftforge.network.HandshakeMessages$C2SAcknowledge
[19May2025 21:05:26.283] [Netty Epoll Server IO #0/DEBUG] [net.minecraftforge.network.HandshakeHandler/FMLHANDSHAKE]: Received acknowledgement from client
[19May2025 21:05:26.286] [Netty Epoll Server IO #0/DEBUG] [net.minecraftforge.network.LoginWrapper/FMLHANDSHAKE]: Recieved login wrapper packet event for channel fml:handshake with index 7
[19May2025 21:05:26.286] [Netty Epoll Server IO #0/DEBUG] [net.minecraftforge.network.HandshakeHandler/FMLHANDSHAKE]: Received client indexed reply 7 of type net.minecraftforge.network.HandshakeMessages$C2SAcknowledge
[19May2025 21:05:26.288] [Netty Epoll Server IO #0/DEBUG] [net.minecraftforge.network.HandshakeHandler/FMLHANDSHAKE]: Received acknowledgement from client
[19May2025 21:05:26.315] [Netty Epoll Server IO #0/DEBUG] [net.minecraftforge.network.LoginWrapper/FMLHANDSHAKE]: Recieved login wrapper packet event for channel fml:handshake with index 8
[19May2025 21:05:26.315] [Netty Epoll Server IO #0/DEBUG] [net.minecraftforge.network.HandshakeHandler/FMLHANDSHAKE]: Received client indexed reply 8 of type net.minecraftforge.network.HandshakeMessages$C2SAcknowledge
[19May2025 21:05:26.315] [Netty Epoll Server IO #0/DEBUG] [net.minecraftforge.network.HandshakeHandler/FMLHANDSHAKE]: Received acknowledgement from client
[19May2025 21:05:26.328] [Netty Epoll Server IO #0/DEBUG] [net.minecraftforge.network.LoginWrapper/FMLHANDSHAKE]: Recieved login wrapper packet event for channel fml:handshake with index 9
[19May2025 21:05:26.328] [Netty Epoll Server IO #0/DEBUG] [net.minecraftforge.network.HandshakeHandler/FMLHANDSHAKE]: Received client indexed reply 9 of type net.minecraftforge.network.HandshakeMessages$C2SAcknowledge
[19May2025 21:05:26.328] [Netty Epoll Server IO #0/DEBUG] [net.minecraftforge.network.HandshakeHandler/FMLHANDSHAKE]: Received acknowledgement from client
[19May2025 21:05:26.339] [Server thread/DEBUG] [net.minecraftforge.network.HandshakeHandler/FMLHANDSHAKE]: Sending ticking packet info 'Registry minecraft:block' to 'fml:handshake' sequence 12
[19May2025 21:05:26.390] [Server thread/DEBUG] [net.minecraftforge.network.HandshakeHandler/FMLHANDSHAKE]: Sending ticking packet info 'Registry forge:entity_data_serializers' to 'fml:handshake' sequence 13
[19May2025 21:05:26.391] [Netty Epoll Server IO #0/DEBUG] [net.minecraftforge.network.LoginWrapper/FMLHANDSHAKE]: Recieved login wrapper packet event for channel fml:handshake with index 10
[19May2025 21:05:26.391] [Netty Epoll Server IO #0/DEBUG] [net.minecraftforge.network.HandshakeHandler/FMLHANDSHAKE]: Received client indexed reply 10 of type net.minecraftforge.network.HandshakeMessages$C2SAcknowledge
[19May2025 21:05:26.391] [Netty Epoll Server IO #0/DEBUG] [net.minecraftforge.network.HandshakeHandler/FMLHANDSHAKE]: Received acknowledgement from client
[19May2025 21:05:26.435] [Netty Epoll Server IO #0/DEBUG] [net.minecraftforge.network.LoginWrapper/FMLHANDSHAKE]: Recieved login wrapper packet event for channel fml:handshake with index 11
[19May2025 21:05:26.435] [Server thread/DEBUG] [net.minecraftforge.network.HandshakeHandler/FMLHANDSHAKE]: Sending ticking packet info 'Registry minecraft:mob_effect' to 'fml:handshake' sequence 14
[19May2025 21:05:26.435] [Netty Epoll Server IO #0/DEBUG] [net.minecraftforge.network.HandshakeHandler/FMLHANDSHAKE]: Received client indexed reply 11 of type net.minecraftforge.network.HandshakeMessages$C2SAcknowledge
[19May2025 21:05:26.436] [Netty Epoll Server IO #0/DEBUG] [net.minecraftforge.network.HandshakeHandler/FMLHANDSHAKE]: Received acknowledgement from client
[19May2025 21:05:26.495] [Netty Epoll Server IO #0/DEBUG] [net.minecraftforge.network.LoginWrapper/FMLHANDSHAKE]: Recieved login wrapper packet event for channel fml:handshake with index 12
[19May2025 21:05:26.495] [Netty Epoll Server IO #0/DEBUG] [net.minecraftforge.network.HandshakeHandler/FMLHANDSHAKE]: Received client indexed reply 12 of type net.minecraftforge.network.HandshakeMessages$C2SAcknowledge
[19May2025 21:05:26.495] [Netty Epoll Server IO #0/DEBUG] [net.minecraftforge.network.HandshakeHandler/FMLHANDSHAKE]: Received acknowledgement from client
[19May2025 21:05:26.512] [Server thread/DEBUG] [net.minecraftforge.network.HandshakeHandler/FMLHANDSHAKE]: Sending ticking packet info 'Registry minecraft:stat_type' to 'fml:handshake' sequence 15
[19May2025 21:05:26.549] [Netty Epoll Server IO #0/DEBUG] [net.minecraftforge.network.LoginWrapper/FMLHANDSHAKE]: Recieved login wrapper packet event for channel fml:handshake with index 13
[19May2025 21:05:26.549] [Netty Epoll Server IO #0/DEBUG] [net.minecraftforge.network.HandshakeHandler/FMLHANDSHAKE]: Received client indexed reply 13 of type net.minecraftforge.network.HandshakeMessages$C2SAcknowledge
[19May2025 21:05:26.549] [Netty Epoll Server IO #0/DEBUG] [net.minecraftforge.network.HandshakeHandler/FMLHANDSHAKE]: Received acknowledgement from client
[19May2025 21:05:26.572] [Server thread/DEBUG] [net.minecraftforge.network.HandshakeHandler/FMLHANDSHAKE]: Sending ticking packet info 'Registry minecraft:menu' to 'fml:handshake' sequence 16
[19May2025 21:05:26.588] [Netty Epoll Server IO #0/DEBUG] [net.minecraftforge.network.LoginWrapper/FMLHANDSHAKE]: Recieved login wrapper packet event for channel fml:handshake with index 14
[19May2025 21:05:26.589] [Netty Epoll Server IO #0/DEBUG] [net.minecraftforge.network.HandshakeHandler/FMLHANDSHAKE]: Received client indexed reply 14 of type net.minecraftforge.network.HandshakeMessages$C2SAcknowledge
[19May2025 21:05:26.589] [Netty Epoll Server IO #0/DEBUG] [net.minecraftforge.network.HandshakeHandler/FMLHANDSHAKE]: Received acknowledgement from client
[19May2025 21:05:26.606] [Server thread/DEBUG] [net.minecraftforge.network.HandshakeHandler/FMLHANDSHAKE]: Sending ticking packet info 'Registry minecraft:enchantment' to 'fml:handshake' sequence 17
[19May2025 21:05:26.644] [Server thread/DEBUG] [net.minecraftforge.network.HandshakeHandler/FMLHANDSHAKE]: Sending ticking packet info 'Registry minecraft:fluid' to 'fml:handshake' sequence 18
[19May2025 21:05:26.664] [Netty Epoll Server IO #0/DEBUG] [net.minecraftforge.network.LoginWrapper/FMLHANDSHAKE]: Recieved login wrapper packet event for channel fml:handshake with index 15
[19May2025 21:05:26.664] [Netty Epoll Server IO #0/DEBUG] [net.minecraftforge.network.HandshakeHandler/FMLHANDSHAKE]: Received client indexed reply 15 of type net.minecraftforge.network.HandshakeMessages$C2SAcknowledge
[19May2025 21:05:26.664] [Netty Epoll Server IO #0/DEBUG] [net.minecraftforge.network.HandshakeHandler/FMLHANDSHAKE]: Received acknowledgement from client
[19May2025 21:05:26.706] [Server thread/DEBUG] [net.minecraftforge.network.HandshakeHandler/FMLHANDSHAKE]: Sending ticking packet info 'Registry minecraft:entity_type' to 'fml:handshake' sequence 19
[19May2025 21:05:26.728] [Netty Epoll Server IO #0/DEBUG] [net.minecraftforge.network.LoginWrapper/FMLHANDSHAKE]: Recieved login wrapper packet event for channel fml:handshake with index 16
[19May2025 21:05:26.738] [Netty Epoll Server IO #0/DEBUG] [net.minecraftforge.network.HandshakeHandler/FMLHANDSHAKE]: Received client indexed reply 16 of type net.minecraftforge.network.HandshakeMessages$C2SAcknowledge
[19May2025 21:05:26.740] [Netty Epoll Server IO #0/DEBUG] [net.minecraftforge.network.HandshakeHandler/FMLHANDSHAKE]: Received acknowledgement from client
[19May2025 21:05:26.760] [Netty Epoll Server IO #0/DEBUG] [net.minecraftforge.network.LoginWrapper/FMLHANDSHAKE]: Recieved login wrapper packet event for channel fml:handshake with index 17
[19May2025 21:05:26.760] [Netty Epoll Server IO #0/DEBUG] [net.minecraftforge.network.HandshakeHandler/FMLHANDSHAKE]: Received client indexed reply 17 of type net.minecraftforge.network.HandshakeMessages$C2SAcknowledge
[19May2025 21:05:26.760] [Netty Epoll Server IO #0/DEBUG] [net.minecraftforge.network.HandshakeHandler/FMLHANDSHAKE]: Received acknowledgement from client
[19May2025 21:05:26.777] [Server thread/DEBUG] [net.minecraftforge.network.HandshakeHandler/FMLHANDSHAKE]: Sending ticking packet info 'Config mimicer-server.toml' to 'fml:handshake' sequence 20
[19May2025 21:05:26.796] [Netty Epoll Server IO #0/DEBUG] [net.minecraftforge.network.LoginWrapper/FMLHANDSHAKE]: Recieved login wrapper packet event for channel fml:handshake with index 18
[19May2025 21:05:26.796] [Netty Epoll Server IO #0/DEBUG] [net.minecraftforge.network.HandshakeHandler/FMLHANDSHAKE]: Received client indexed reply 18 of type net.minecraftforge.network.HandshakeMessages$C2SAcknowledge
[19May2025 21:05:26.796] [Netty Epoll Server IO #0/DEBUG] [net.minecraftforge.network.HandshakeHandler/FMLHANDSHAKE]: Received acknowledgement from client
[19May2025 21:05:26.812] [Server thread/DEBUG] [net.minecraftforge.network.HandshakeHandler/FMLHANDSHAKE]: Sending ticking packet info 'Config forge-server.toml' to 'fml:handshake' sequence 21
[19May2025 21:05:27.113] [Netty Epoll Server IO #0/DEBUG] [net.minecraftforge.network.LoginWrapper/FMLHANDSHAKE]: Recieved login wrapper packet event for channel fml:handshake with index 19
[19May2025 21:05:27.113] [Netty Epoll Server IO #0/DEBUG] [net.minecraftforge.network.HandshakeHandler/FMLHANDSHAKE]: Received client indexed reply 19 of type net.minecraftforge.network.HandshakeMessages$C2SAcknowledge
[19May2025 21:05:27.113] [Netty Epoll Server IO #0/DEBUG] [net.minecraftforge.network.HandshakeHandler/FMLHANDSHAKE]: Received acknowledgement from client
[19May2025 21:05:27.118] [Netty Epoll Server IO #0/DEBUG] [net.minecraftforge.network.LoginWrapper/FMLHANDSHAKE]: Recieved login wrapper packet event for channel fml:handshake with index 20
[19May2025 21:05:27.118] [Netty Epoll Server IO #0/DEBUG] [net.minecraftforge.network.HandshakeHandler/FMLHANDSHAKE]: Received client indexed reply 20 of type net.minecraftforge.network.HandshakeMessages$C2SAcknowledge
[19May2025 21:05:27.118] [Netty Epoll Server IO #0/DEBUG] [net.minecraftforge.network.HandshakeHandler/FMLHANDSHAKE]: Received acknowledgement from client
[19May2025 21:05:27.118] [Netty Epoll Server IO #0/DEBUG] [net.minecraftforge.network.LoginWrapper/FMLHANDSHAKE]: Recieved login wrapper packet event for channel fml:handshake with index 21
[19May2025 21:05:27.119] [Netty Epoll Server IO #0/DEBUG] [net.minecraftforge.network.HandshakeHandler/FMLHANDSHAKE]: Received client indexed reply 21 of type net.minecraftforge.network.HandshakeMessages$C2SAcknowledge
[19May2025 21:05:27.119] [Netty Epoll Server IO #0/DEBUG] [net.minecraftforge.network.HandshakeHandler/FMLHANDSHAKE]: Received acknowledgement from client
[19May2025 21:05:27.169] [Server thread/DEBUG] [net.minecraftforge.network.HandshakeHandler/FMLHANDSHAKE]: Handshake complete!
[19May2025 21:05:27.227] [Server thread/INFO] [net.minecraftforge.common.AdvancementLoadFix/]: Using new advancement loading for net.minecraft.server.PlayerAdvancements@56e9dfe
[19May2025 21:05:27.253] [Server thread/INFO] [net.minecraft.server.players.PlayerList/]: Akukis[/172.22.156.190:58434] logged in with entity id 192 at (-26.969036808516588, 108.0, 7.0229937250448025)
[19May2025 21:05:27.255] [Server thread/DEBUG] [net.minecraftforge.network.filters.NetworkFilters/]: Injected net.minecraftforge.network.filters.ForgeConnectionNetworkFilter@3a1f0362 into net.minecraft.network.Connection@686acce7
[19May2025 21:05:27.389] [Server thread/INFO] [net.minecraft.server.MinecraftServer/]: Akukis joined the game
[19May2025 21:05:29.348] [Server thread/DEBUG] [de.cadentem.mimicer.Mimicer/]: Mimicer could not pass the spawn checks, target: [ServerPlayer['siganconsumiendo'/170, l='ServerLevel[world]', x=-27.00, y=108.00, z=8.61]]
[19May2025 21:05:30.686] [Server thread/DEBUG] [de.cadentem.mimicer.Mimicer/]: Mimicer could not pass the spawn checks, target: [ServerPlayer['siganconsumiendo'/170, l='ServerLevel[world]', x=-27.12, y=108.00, z=8.81]]
[19May2025 21:05:31.347] [Server thread/DEBUG] [de.cadentem.mimicer.Mimicer/]: Mimicer could not pass the spawn checks, target: [ServerPlayer['siganconsumiendo'/170, l='ServerLevel[world]', x=-28.22, y=108.00, z=8.32]]
[19May2025 21:05:31.555] [Server thread/DEBUG] [de.cadentem.mimicer.Mimicer/]: Mimicer could not pass the spawn checks, target: [ServerPlayer['siganconsumiendo'/170, l='ServerLevel[world]', x=-29.18, y=108.00, z=7.91]]
[19May2025 21:05:32.712] [Server thread/DEBUG] [de.cadentem.mimicer.Mimicer/]: Mimicer could not pass the spawn checks, target: [ServerPlayer['siganconsumiendo'/170, l='ServerLevel[world]', x=-29.18, y=108.00, z=7.91]]
[19May2025 21:05:33.103] [Server thread/DEBUG] [de.cadentem.mimicer.Mimicer/]: Mimicer could not pass the spawn checks, target: [ServerPlayer['siganconsumiendo'/170, l='ServerLevel[world]', x=-29.18, y=108.00, z=7.91]]
[19May2025 21:05:34.147] [Server thread/DEBUG] [de.cadentem.mimicer.Mimicer/]: Mimicer could not pass the spawn checks, target: [ServerPlayer['siganconsumiendo'/170, l='ServerLevel[world]', x=-29.18, y=108.00, z=7.91]]
[19May2025 21:05:34.333] [Server thread/DEBUG] [de.cadentem.mimicer.Mimicer/]: Mimicer could not pass the spawn checks, target: [ServerPlayer['Akukis'/192, l='ServerLevel[world]', x=-26.95, y=108.00, z=6.90]]
[19May2025 21:05:35.009] [Server thread/DEBUG] [de.cadentem.mimicer.Mimicer/]: Mimicer could not pass the spawn checks, target: [ServerPlayer['siganconsumiendo'/170, l='ServerLevel[world]', x=-29.18, y=108.00, z=7.91]]
[19May2025 21:05:35.274] [Server thread/DEBUG] [de.cadentem.mimicer.Mimicer/]: Mimicer could not pass the spawn checks, target: [ServerPlayer['siganconsumiendo'/170, l='ServerLevel[world]', x=-29.18, y=108.00, z=7.91]]
[19May2025 21:05:35.823] [Server thread/DEBUG] [de.cadentem.mimicer.Mimicer/]: Mimicer could not pass the spawn checks, target: [ServerPlayer['Akukis'/192, l='ServerLevel[world]', x=-32.57, y=109.20, z=7.44]]
[19May2025 21:05:36.279] [Server thread/DEBUG] [de.cadentem.mimicer.Mimicer/]: Mimicer could not pass the spawn checks, target: [ServerPlayer['Akukis'/192, l='ServerLevel[world]', x=-33.23, y=108.88, z=6.90]]
[19May2025 21:05:37.393] [Server thread/DEBUG] [de.cadentem.mimicer.Mimicer/]: Mimicer could not pass the spawn checks, target: [ServerPlayer['siganconsumiendo'/170, l='ServerLevel[world]', x=-29.79, y=108.00, z=8.30]]
[19May2025 21:05:37.883] [Server thread/DEBUG] [de.cadentem.mimicer.Mimicer/]: Mimicer could not pass the spawn checks, target: [ServerPlayer['Akukis'/192, l='ServerLevel[world]', x=-33.23, y=108.88, z=6.90]]
[19May2025 21:05:38.556] [Server thread/DEBUG] [de.cadentem.mimicer.Mimicer/]: Mimicer could not pass the spawn checks, target: [ServerPlayer['Akukis'/192, l='ServerLevel[world]', x=-33.23, y=108.88, z=6.90]]
[19May2025 21:05:38.715] [Server thread/DEBUG] [de.cadentem.mimicer.Mimicer/]: Mimicer could not pass the spawn checks, target: [ServerPlayer['Akukis'/192, l='ServerLevel[world]', x=-33.23, y=108.88, z=6.90]]
[19May2025 21:05:42.991] [Server thread/DEBUG] [de.cadentem.mimicer.Mimicer/]: Mimicer could not pass the spawn checks, target: [ServerPlayer['Akukis'/192, l='ServerLevel[world]', x=-33.23, y=108.88, z=6.90]]
[19May2025 21:05:43.325] [Server thread/DEBUG] [de.cadentem.mimicer.Mimicer/]: Mimicer could not pass the spawn checks, target: [ServerPlayer['Akukis'/192, l='ServerLevel[world]', x=-33.23, y=108.88, z=6.90]]
[19May2025 21:05:46.039] [Server thread/DEBUG] [de.cadentem.mimicer.Mimicer/]: Mimicer could not pass the spawn checks, target: [ServerPlayer['siganconsumiendo'/170, l='ServerLevel[world]', x=-29.79, y=108.00, z=8.30]]
[19May2025 21:05:47.521] [Server thread/DEBUG] [de.cadentem.mimicer.Mimicer/]: Mimicer could not pass the spawn checks, target: [ServerPlayer['Akukis'/192, l='ServerLevel[world]', x=-34.60, y=110.12, z=3.13]]
[19May2025 21:05:49.418] [Server thread/DEBUG] [de.cadentem.mimicer.Mimicer/]: Mimicer could not pass the spawn checks, target: [ServerPlayer['siganconsumiendo'/170, l='ServerLevel[world]', x=-29.79, y=108.00, z=8.30]]
[19May2025 21:05:50.156] [Server thread/DEBUG] [de.cadentem.mimicer.Mimicer/]: Mimicer could not pass the spawn checks, target: [ServerPlayer['Akukis'/192, l='ServerLevel[world]', x=-33.41, y=112.00, z=2.01]]
[19May2025 21:05:50.233] [Server thread/DEBUG] [de.cadentem.mimicer.Mimicer/]: Mimicer could not pass the spawn checks, target: [ServerPlayer['siganconsumiendo'/170, l='ServerLevel[world]', x=-29.79, y=108.00, z=8.30]]
[19May2025 21:05:50.880] [Server thread/DEBUG] [de.cadentem.mimicer.Mimicer/]: Mimicer could not pass the spawn checks, target: [ServerPlayer['siganconsumiendo'/170, l='ServerLevel[world]', x=-29.79, y=108.00, z=8.30]]
[19May2025 21:05:50.896] [Server thread/INFO] [net.minecraft.server.MinecraftServer/]: [Akukis: Set own game mode to Spectator Mode]
[19May2025 21:05:51.523] [Server thread/DEBUG] [de.cadentem.mimicer.Mimicer/]: Mimicer could not pass the spawn checks, target: [ServerPlayer['siganconsumiendo'/170, l='ServerLevel[world]', x=-29.79, y=108.00, z=8.30]]
[19May2025 21:05:51.748] [Server thread/DEBUG] [de.cadentem.mimicer.Mimicer/]: Mimicer could not pass the spawn checks, target: [ServerPlayer['siganconsumiendo'/170, l='ServerLevel[world]', x=-29.79, y=108.00, z=8.30]]
[19May2025 21:05:53.293] [Server thread/DEBUG] [de.cadentem.mimicer.Mimicer/]: Mimicer could not pass the spawn checks, target: [ServerPlayer['siganconsumiendo'/170, l='ServerLevel[world]', x=-29.79, y=108.00, z=8.30]]
[19May2025 21:05:53.923] [Server thread/DEBUG] [de.cadentem.mimicer.Mimicer/]: Mimicer could not pass the spawn checks, target: [ServerPlayer['siganconsumiendo'/170, l='ServerLevel[world]', x=-31.28, y=108.00, z=8.13]]
[19May2025 21:05:54.841] [Server thread/DEBUG] [de.cadentem.mimicer.Mimicer/]: Mimicer could not pass the spawn checks, target: [ServerPlayer['siganconsumiendo'/170, l='ServerLevel[world]', x=-32.70, y=108.74, z=9.10]]
[19May2025 21:05:55.265] [Server thread/DEBUG] [de.cadentem.mimicer.Mimicer/]: Mimicer could not pass the spawn checks, target: [ServerPlayer['siganconsumiendo'/170, l='ServerLevel[world]', x=-33.76, y=110.17, z=9.32]]
[19May2025 21:05:55.981] [Server thread/DEBUG] [de.cadentem.mimicer.Mimicer/]: Mimicer could not pass the spawn checks, target: [ServerPlayer['siganconsumiendo'/170, l='ServerLevel[world]', x=-34.63, y=111.50, z=8.27]]
[19May2025 21:05:57.363] [Server thread/DEBUG] [de.cadentem.mimicer.Mimicer/]: Mimicer could not pass the spawn checks, target: [ServerPlayer['siganconsumiendo'/170, l='ServerLevel[world]', x=-34.72, y=112.00, z=7.38]]
[19May2025 21:05:57.404] [Server thread/WARN] [net.minecraft.server.network.ServerGamePacketListenerImpl/]: Akukis moved too quickly! -2.4737660092574814,2.5911678767164403,9.531788863939685
[19May2025 21:05:57.891] [Server thread/DEBUG] [de.cadentem.mimicer.Mimicer/]: Mimicer could not pass the spawn checks, target: [ServerPlayer['siganconsumiendo'/170, l='ServerLevel[world]', x=-34.87, y=110.42, z=9.49]]
[19May2025 21:06:01.592] [Server thread/INFO] [net.minecraft.server.MinecraftServer/]: [Akukis: Set own game mode to Survival Mode]
[19May2025 21:06:02.673] [Server thread/DEBUG] [de.cadentem.mimicer.Mimicer/]: Mimicer could not pass the spawn checks, target: [ServerPlayer['siganconsumiendo'/170, l='ServerLevel[world]', x=-31.97, y=107.00, z=10.30]]
[19May2025 21:06:02.879] [Server thread/DEBUG] [de.cadentem.mimicer.Mimicer/]: Mimicer could not pass the spawn checks, target: [ServerPlayer['siganconsumiendo'/170, l='ServerLevel[world]', x=-31.97, y=107.00, z=10.30]]
[19May2025 21:06:03.056] [Server thread/DEBUG] [de.cadentem.mimicer.Mimicer/]: Mimicer could not pass the spawn checks, target: [ServerPlayer['siganconsumiendo'/170, l='ServerLevel[world]', x=-31.97, y=107.00, z=10.30]]
[19May2025 21:06:03.190] [Server thread/DEBUG] [de.cadentem.mimicer.Mimicer/]: Mimicer could not pass the spawn checks, target: [ServerPlayer['siganconsumiendo'/170, l='ServerLevel[world]', x=-31.47, y=106.92, z=11.60]]
[19May2025 21:06:04.334] [Server thread/DEBUG] [de.cadentem.mimicer.Mimicer/]: Mimicer could not pass the spawn checks, target: [ServerPlayer['siganconsumiendo'/170, l='ServerLevel[world]', x=-37.74, y=104.00, z=12.50]]
[19May2025 21:06:04.798] [Server thread/DEBUG] [de.cadentem.mimicer.Mimicer/]: Mimicer could not pass the spawn checks, target: [ServerPlayer['siganconsumiendo'/170, l='ServerLevel[world]', x=-38.16, y=104.00, z=12.64]]
[19May2025 21:06:06.009] [Server thread/DEBUG] [de.cadentem.mimicer.Mimicer/]: Mimicer could not pass the spawn checks, target: [ServerPlayer['siganconsumiendo'/170, l='ServerLevel[world]', x=-36.02, y=104.00, z=12.30]]
[19May2025 21:06:08.572] [Server thread/DEBUG] [de.cadentem.mimicer.Mimicer/]: Mimicer could not pass the spawn checks, target: [ServerPlayer['siganconsumiendo'/170, l='ServerLevel[world]', x=-31.88, y=108.00, z=9.49]]
[19May2025 21:06:10.193] [Server thread/DEBUG] [de.cadentem.mimicer.Mimicer/]: Mimicer could not pass the spawn checks, target: [ServerPlayer['siganconsumiendo'/170, l='ServerLevel[world]', x=-33.70, y=107.94, z=3.59]]
[19May2025 21:06:11.576] [Server thread/DEBUG] [de.cadentem.mimicer.Mimicer/]: Mimicer could not pass the spawn checks, target: [ServerPlayer['siganconsumiendo'/170, l='ServerLevel[world]', x=-33.70, y=107.94, z=3.62]]
[19May2025 21:06:12.852] [Server thread/DEBUG] [de.cadentem.mimicer.Mimicer/]: Mimicer could not pass the spawn checks, target: [ServerPlayer['siganconsumiendo'/170, l='ServerLevel[world]', x=-33.70, y=108.94, z=3.48]]
[19May2025 21:06:14.501] [Server thread/DEBUG] [de.cadentem.mimicer.Mimicer/]: Mimicer could not pass the spawn checks, target: [ServerPlayer['siganconsumiendo'/170, l='ServerLevel[world]', x=-34.13, y=111.25, z=1.30]]
[19May2025 21:06:16.795] [Server thread/DEBUG] [de.cadentem.mimicer.Mimicer/]: Mimicer could not pass the spawn checks, target: [ServerPlayer['siganconsumiendo'/170, l='ServerLevel[world]', x=-33.66, y=111.00, z=1.33]]
[19May2025 21:06:17.030] [Server thread/DEBUG] [de.cadentem.mimicer.Mimicer/]: Mimicer could not pass the spawn checks, target: [ServerPlayer['siganconsumiendo'/170, l='ServerLevel[world]', x=-33.66, y=111.00, z=1.33]]
[19May2025 21:06:17.110] [Server thread/DEBUG] [de.cadentem.mimicer.Mimicer/]: Mimicer could not pass the spawn checks, target: [ServerPlayer['siganconsumiendo'/170, l='ServerLevel[world]', x=-33.41, y=111.00, z=1.36]]
[19May2025 21:06:17.775] [Server thread/DEBUG] [de.cadentem.mimicer.Mimicer/]: Mimicer could not pass the spawn checks, target: [ServerPlayer['siganconsumiendo'/170, l='ServerLevel[world]', x=-33.41, y=111.00, z=1.36]]
[19May2025 21:06:19.443] [Server thread/DEBUG] [de.cadentem.mimicer.Mimicer/]: Mimicer could not pass the spawn checks, target: [ServerPlayer['siganconsumiendo'/170, l='ServerLevel[world]', x=-33.41, y=111.00, z=1.36]]
[19May2025 21:06:19.609] [Server thread/DEBUG] [de.cadentem.mimicer.Mimicer/]: Mimicer could not pass the spawn checks, target: [ServerPlayer['siganconsumiendo'/170, l='ServerLevel[world]', x=-33.41, y=111.00, z=1.36]]
[19May2025 21:06:21.244] [Server thread/DEBUG] [de.cadentem.mimicer.Mimicer/]: Mimicer could not pass the spawn checks, target: [ServerPlayer['siganconsumiendo'/170, l='ServerLevel[world]', x=-33.41, y=111.00, z=1.36]]
[19May2025 21:06:21.803] [Server thread/DEBUG] [de.cadentem.mimicer.Mimicer/]: Mimicer could not pass the spawn checks, target: [ServerPlayer['siganconsumiendo'/170, l='ServerLevel[world]', x=-33.41, y=111.00, z=1.36]]
[19May2025 21:06:22.767] [Server thread/DEBUG] [de.cadentem.mimicer.Mimicer/]: Mimicer could not pass the spawn checks, target: [ServerPlayer['siganconsumiendo'/170, l='ServerLevel[world]', x=-33.41, y=111.00, z=1.36]]
[19May2025 21:06:23.661] [Server thread/DEBUG] [de.cadentem.mimicer.Mimicer/]: Mimicer could not pass the spawn checks, target: [ServerPlayer['siganconsumiendo'/170, l='ServerLevel[world]', x=-33.41, y=111.00, z=1.36]]
[19May2025 21:06:23.761] [Server thread/DEBUG] [de.cadentem.mimicer.Mimicer/]: Mimicer could not pass the spawn checks, target: [ServerPlayer['siganconsumiendo'/170, l='ServerLevel[world]', x=-33.41, y=111.00, z=1.36]]
[19May2025 21:06:24.523] [Server thread/DEBUG] [de.cadentem.mimicer.Mimicer/]: Mimicer could not pass the spawn checks, target: [ServerPlayer['siganconsumiendo'/170, l='ServerLevel[world]', x=-33.41, y=111.00, z=1.36]]
[19May2025 21:06:24.964] [Server thread/DEBUG] [de.cadentem.mimicer.Mimicer/]: Mimicer could not pass the spawn checks, target: [ServerPlayer['siganconsumiendo'/170, l='ServerLevel[world]', x=-33.41, y=111.00, z=1.36]]
[19May2025 21:06:29.891] [Server thread/DEBUG] [de.cadentem.mimicer.Mimicer/]: Mimicer could not pass the spawn checks, target: [ServerPlayer['siganconsumiendo'/170, l='ServerLevel[world]', x=-33.41, y=111.00, z=1.36]]
[19May2025 21:06:30.048] [Server thread/DEBUG] [de.cadentem.mimicer.Mimicer/]: Mimicer could not pass the spawn checks, target: [ServerPlayer['siganconsumiendo'/170, l='ServerLevel[world]', x=-33.41, y=111.00, z=1.36]]
[19May2025 21:06:31.180] [Server thread/DEBUG] [de.cadentem.mimicer.Mimicer/]: Mimicer could not pass the spawn checks, target: [ServerPlayer['siganconsumiendo'/170, l='ServerLevel[world]', x=-33.41, y=111.00, z=1.36]]
[19May2025 21:06:31.623] [Server thread/DEBUG] [de.cadentem.mimicer.Mimicer/]: Mimicer could not pass the spawn checks, target: [ServerPlayer['siganconsumiendo'/170, l='ServerLevel[world]', x=-33.41, y=111.00, z=1.36]]
[19May2025 21:06:32.007] [Server thread/DEBUG] [de.cadentem.mimicer.Mimicer/]: Mimicer could not pass the spawn checks, target: [ServerPlayer['siganconsumiendo'/170, l='ServerLevel[world]', x=-33.41, y=111.00, z=1.36]]
[19May2025 21:06:32.693] [Server thread/DEBUG] [de.cadentem.mimicer.Mimicer/]: Mimicer could not pass the spawn checks, target: [ServerPlayer['siganconsumiendo'/170, l='ServerLevel[world]', x=-33.41, y=111.00, z=1.36]]
[19May2025 21:06:33.245] [Server thread/DEBUG] [de.cadentem.mimicer.Mimicer/]: Mimicer could not pass the spawn checks, target: [ServerPlayer['siganconsumiendo'/170, l='ServerLevel[world]', x=-33.41, y=111.00, z=1.36]]
[19May2025 21:06:34.858] [Server thread/DEBUG] [de.cadentem.mimicer.Mimicer/]: Mimicer could not pass the spawn checks, target: [ServerPlayer['siganconsumiendo'/170, l='ServerLevel[world]', x=-32.41, y=111.00, z=1.36]]
[19May2025 21:10:00.163] [Server thread/DEBUG] [net.minecraftforge.common.ForgeHooks/WP]: Gathering id map for writing to world save world
[19May2025 21:10:00.187] [Server thread/DEBUG] [net.minecraftforge.common.ForgeHooks/WP]: ID Map collection complete world
[19May2025 21:13:32.847] [Server thread/INFO] [net.minecraft.server.MinecraftServer/]: Akukis was blown up by Creeper
[19May2025 21:14:59.922] [Server thread/DEBUG] [net.minecraftforge.common.ForgeHooks/WP]: Gathering id map for writing to world save world
[19May2025 21:14:59.935] [Server thread/DEBUG] [net.minecraftforge.common.ForgeHooks/WP]: ID Map collection complete world
[19May2025 21:16:50.571] [Server thread/INFO] [net.minecraft.server.network.ServerGamePacketListenerImpl/]: Akukis lost connection: Disconnected
[19May2025 21:16:50.572] [Server thread/INFO] [net.minecraft.server.MinecraftServer/]: Akukis left the game
[19May2025 21:17:27.719] [Server thread/INFO] [net.minecraft.server.MinecraftServer/]: siganconsumiendo has made the advancement [The Parrots and the Bats]
[19May2025 21:17:34.586] [Netty Epoll Server IO #2/DEBUG] [net.minecraftforge.network.HandshakeHandler/FMLHANDSHAKE]: Starting new modded impl connection. Found 22 messages to dispatch.
[19May2025 21:17:34.619] [Server thread/DEBUG] [net.minecraftforge.network.HandshakeHandler/FMLHANDSHAKE]: Sending ticking packet info 'net.minecraftforge.network.HandshakeMessages$S2CModData' to 'fml:handshake' sequence 0
[19May2025 21:17:34.670] [Server thread/DEBUG] [net.minecraftforge.network.HandshakeHandler/FMLHANDSHAKE]: Sending ticking packet info 'net.minecraftforge.network.HandshakeMessages$S2CModList' to 'fml:handshake' sequence 1
[19May2025 21:17:34.721] [Server thread/DEBUG] [net.minecraftforge.network.HandshakeHandler/FMLHANDSHAKE]: Sending ticking packet info 'Registry minecraft:command_argument_type' to 'fml:handshake' sequence 2
[19May2025 21:17:34.773] [Server thread/DEBUG] [net.minecraftforge.network.HandshakeHandler/FMLHANDSHAKE]: Sending ticking packet info 'Registry minecraft:recipe_serializer' to 'fml:handshake' sequence 3
[19May2025 21:17:34.820] [Server thread/DEBUG] [net.minecraftforge.network.HandshakeHandler/FMLHANDSHAKE]: Sending ticking packet info 'Registry minecraft:sound_event' to 'fml:handshake' sequence 4
[19May2025 21:17:34.825] [Netty Epoll Server IO #2/DEBUG] [net.minecraftforge.network.LoginWrapper/FMLHANDSHAKE]: Recieved login wrapper packet event for channel fml:handshake with index 1
[19May2025 21:17:34.826] [Netty Epoll Server IO #2/DEBUG] [net.minecraftforge.network.HandshakeHandler/FMLHANDSHAKE]: Received client indexed reply 1 of type net.minecraftforge.network.HandshakeMessages$C2SModListReply
[19May2025 21:17:34.826] [Netty Epoll Server IO #2/DEBUG] [net.minecraftforge.network.HandshakeHandler/FMLHANDSHAKE]: Received client connection with modlist [minecraft, forge, geckolib3, mimicer]
[19May2025 21:17:34.826] [Netty Epoll Server IO #2/DEBUG] [net.minecraftforge.network.NetworkRegistry/NETREGISTRY]: Channel 'fml:loginwrapper' : Version test of 'FML3' from client : ACCEPTED
[19May2025 21:17:34.826] [Netty Epoll Server IO #2/DEBUG] [net.minecraftforge.network.NetworkRegistry/NETREGISTRY]: Channel 'forge:tier_sorting' : Version test of '1.0' from client : ACCEPTED
[19May2025 21:17:34.826] [Netty Epoll Server IO #2/DEBUG] [net.minecraftforge.network.NetworkRegistry/NETREGISTRY]: Channel 'fml:handshake' : Version test of 'FML3' from client : ACCEPTED
[19May2025 21:17:34.826] [Netty Epoll Server IO #2/DEBUG] [net.minecraftforge.network.NetworkRegistry/NETREGISTRY]: Channel 'mimicer:main' : Version test of '2' from client : ACCEPTED
[19May2025 21:17:34.826] [Netty Epoll Server IO #2/DEBUG] [net.minecraftforge.network.NetworkRegistry/NETREGISTRY]: Channel 'geckolib3:main' : Version test of '0' from client : ACCEPTED
[19May2025 21:17:34.826] [Netty Epoll Server IO #2/DEBUG] [net.minecraftforge.network.NetworkRegistry/NETREGISTRY]: Channel 'minecraft:unregister' : Version test of 'FML3' from client : ACCEPTED
[19May2025 21:17:34.826] [Netty Epoll Server IO #2/DEBUG] [net.minecraftforge.network.NetworkRegistry/NETREGISTRY]: Channel 'fml:play' : Version test of 'FML3' from client : ACCEPTED
[19May2025 21:17:34.826] [Netty Epoll Server IO #2/DEBUG] [net.minecraftforge.network.NetworkRegistry/NETREGISTRY]: Channel 'minecraft:register' : Version test of 'FML3' from client : ACCEPTED
[19May2025 21:17:34.826] [Netty Epoll Server IO #2/DEBUG] [net.minecraftforge.network.NetworkRegistry/NETREGISTRY]: Channel 'forge:split' : Version test of '1.1' from client : ACCEPTED
[19May2025 21:17:34.826] [Netty Epoll Server IO #2/DEBUG] [net.minecraftforge.network.NetworkRegistry/NETREGISTRY]: Accepting channel list from client
[19May2025 21:17:34.826] [Netty Epoll Server IO #2/DEBUG] [net.minecraftforge.network.HandshakeHandler/FMLHANDSHAKE]: Accepted client connection mod list
[19May2025 21:17:34.869] [Server thread/DEBUG] [net.minecraftforge.network.HandshakeHandler/FMLHANDSHAKE]: Sending ticking packet info 'Registry minecraft:particle_type' to 'fml:handshake' sequence 5
[19May2025 21:17:34.873] [Netty Epoll Server IO #2/DEBUG] [net.minecraftforge.network.LoginWrapper/FMLHANDSHAKE]: Recieved login wrapper packet event for channel fml:handshake with index 2
[19May2025 21:17:34.873] [Netty Epoll Server IO #2/DEBUG] [net.minecraftforge.network.HandshakeHandler/FMLHANDSHAKE]: Received client indexed reply 2 of type net.minecraftforge.network.HandshakeMessages$C2SAcknowledge
[19May2025 21:17:34.873] [Netty Epoll Server IO #2/DEBUG] [net.minecraftforge.network.HandshakeHandler/FMLHANDSHAKE]: Received acknowledgement from client
[19May2025 21:17:34.919] [Server thread/DEBUG] [net.minecraftforge.network.HandshakeHandler/FMLHANDSHAKE]: Sending ticking packet info 'Registry minecraft:villager_profession' to 'fml:handshake' sequence 6
[19May2025 21:17:34.924] [Netty Epoll Server IO #2/DEBUG] [net.minecraftforge.network.LoginWrapper/FMLHANDSHAKE]: Recieved login wrapper packet event for channel fml:handshake with index 3
[19May2025 21:17:34.924] [Netty Epoll Server IO #2/DEBUG] [net.minecraftforge.network.HandshakeHandler/FMLHANDSHAKE]: Received client indexed reply 3 of type net.minecraftforge.network.HandshakeMessages$C2SAcknowledge
[19May2025 21:17:34.924] [Netty Epoll Server IO #2/DEBUG] [net.minecraftforge.network.HandshakeHandler/FMLHANDSHAKE]: Received acknowledgement from client
[19May2025 21:17:34.976] [Server thread/DEBUG] [net.minecraftforge.network.HandshakeHandler/FMLHANDSHAKE]: Sending ticking packet info 'Registry minecraft:item' to 'fml:handshake' sequence 7
[19May2025 21:17:35.019] [Server thread/DEBUG] [net.minecraftforge.network.HandshakeHandler/FMLHANDSHAKE]: Sending ticking packet info 'Registry minecraft:potion' to 'fml:handshake' sequence 8
[19May2025 21:17:35.069] [Server thread/DEBUG] [net.minecraftforge.network.HandshakeHandler/FMLHANDSHAKE]: Sending ticking packet info 'Registry minecraft:painting_variant' to 'fml:handshake' sequence 9
[19May2025 21:17:35.126] [Server thread/DEBUG] [net.minecraftforge.network.HandshakeHandler/FMLHANDSHAKE]: Sending ticking packet info 'Registry forge:fluid_type' to 'fml:handshake' sequence 10
[19May2025 21:17:35.126] [Netty Epoll Server IO #2/DEBUG] [net.minecraftforge.network.LoginWrapper/FMLHANDSHAKE]: Recieved login wrapper packet event for channel fml:handshake with index 4
[19May2025 21:17:35.127] [Netty Epoll Server IO #2/DEBUG] [net.minecraftforge.network.HandshakeHandler/FMLHANDSHAKE]: Received client indexed reply 4 of type net.minecraftforge.network.HandshakeMessages$C2SAcknowledge
[19May2025 21:17:35.127] [Netty Epoll Server IO #2/DEBUG] [net.minecraftforge.network.HandshakeHandler/FMLHANDSHAKE]: Received acknowledgement from client
[19May2025 21:17:35.127] [Netty Epoll Server IO #2/DEBUG] [net.minecraftforge.network.LoginWrapper/FMLHANDSHAKE]: Recieved login wrapper packet event for channel fml:handshake with index 5
[19May2025 21:17:35.127] [Netty Epoll Server IO #2/DEBUG] [net.minecraftforge.network.HandshakeHandler/FMLHANDSHAKE]: Received client indexed reply 5 of type net.minecraftforge.network.HandshakeMessages$C2SAcknowledge
[19May2025 21:17:35.127] [Netty Epoll Server IO #2/DEBUG] [net.minecraftforge.network.HandshakeHandler/FMLHANDSHAKE]: Received acknowledgement from client
[19May2025 21:17:35.127] [Netty Epoll Server IO #2/DEBUG] [net.minecraftforge.network.LoginWrapper/FMLHANDSHAKE]: Recieved login wrapper packet event for channel fml:handshake with index 6
[19May2025 21:17:35.127] [Netty Epoll Server IO #2/DEBUG] [net.minecraftforge.network.HandshakeHandler/FMLHANDSHAKE]: Received client indexed reply 6 of type net.minecraftforge.network.HandshakeMessages$C2SAcknowledge
[19May2025 21:17:35.128] [Netty Epoll Server IO #2/DEBUG] [net.minecraftforge.network.HandshakeHandler/FMLHANDSHAKE]: Received acknowledgement from client
[19May2025 21:17:35.129] [Netty Epoll Server IO #2/DEBUG] [net.minecraftforge.network.LoginWrapper/FMLHANDSHAKE]: Recieved login wrapper packet event for channel fml:handshake with index 7
[19May2025 21:17:35.129] [Netty Epoll Server IO #2/DEBUG] [net.minecraftforge.network.HandshakeHandler/FMLHANDSHAKE]: Received client indexed reply 7 of type net.minecraftforge.network.HandshakeMessages$C2SAcknowledge
[19May2025 21:17:35.129] [Netty Epoll Server IO #2/DEBUG] [net.minecraftforge.network.HandshakeHandler/FMLHANDSHAKE]: Received acknowledgement from client
[19May2025 21:17:35.172] [Netty Epoll Server IO #2/DEBUG] [net.minecraftforge.network.LoginWrapper/FMLHANDSHAKE]: Recieved login wrapper packet event for channel fml:handshake with index 8
[19May2025 21:17:35.172] [Netty Epoll Server IO #2/DEBUG] [net.minecraftforge.network.HandshakeHandler/FMLHANDSHAKE]: Received client indexed reply 8 of type net.minecraftforge.network.HandshakeMessages$C2SAcknowledge
[19May2025 21:17:35.172] [Netty Epoll Server IO #2/DEBUG] [net.minecraftforge.network.HandshakeHandler/FMLHANDSHAKE]: Received acknowledgement from client
[19May2025 21:17:35.172] [Server thread/DEBUG] [net.minecraftforge.network.HandshakeHandler/FMLHANDSHAKE]: Sending ticking packet info 'Registry minecraft:block_entity_type' to 'fml:handshake' sequence 11
[19May2025 21:17:35.219] [Netty Epoll Server IO #2/DEBUG] [net.minecraftforge.network.LoginWrapper/FMLHANDSHAKE]: Recieved login wrapper packet event for channel fml:handshake with index 9
[19May2025 21:17:35.220] [Netty Epoll Server IO #2/DEBUG] [net.minecraftforge.network.HandshakeHandler/FMLHANDSHAKE]: Received client indexed reply 9 of type net.minecraftforge.network.HandshakeMessages$C2SAcknowledge
[19May2025 21:17:35.220] [Netty Epoll Server IO #2/DEBUG] [net.minecraftforge.network.HandshakeHandler/FMLHANDSHAKE]: Received acknowledgement from client
[19May2025 21:17:35.224] [Server thread/DEBUG] [net.minecraftforge.network.HandshakeHandler/FMLHANDSHAKE]: Sending ticking packet info 'Registry minecraft:block' to 'fml:handshake' sequence 12
[19May2025 21:17:35.269] [Server thread/DEBUG] [net.minecraftforge.network.HandshakeHandler/FMLHANDSHAKE]: Sending ticking packet info 'Registry forge:entity_data_serializers' to 'fml:handshake' sequence 13
[19May2025 21:17:35.277] [Netty Epoll Server IO #2/DEBUG] [net.minecraftforge.network.LoginWrapper/FMLHANDSHAKE]: Recieved login wrapper packet event for channel fml:handshake with index 10
[19May2025 21:17:35.277] [Netty Epoll Server IO #2/DEBUG] [net.minecraftforge.network.HandshakeHandler/FMLHANDSHAKE]: Received client indexed reply 10 of type net.minecraftforge.network.HandshakeMessages$C2SAcknowledge
[19May2025 21:17:35.277] [Netty Epoll Server IO #2/DEBUG] [net.minecraftforge.network.HandshakeHandler/FMLHANDSHAKE]: Received acknowledgement from client
[19May2025 21:17:35.319] [Server thread/DEBUG] [net.minecraftforge.network.HandshakeHandler/FMLHANDSHAKE]: Sending ticking packet info 'Registry minecraft:mob_effect' to 'fml:handshake' sequence 14
[19May2025 21:17:35.323] [Netty Epoll Server IO #2/DEBUG] [net.minecraftforge.network.LoginWrapper/FMLHANDSHAKE]: Recieved login wrapper packet event for channel fml:handshake with index 11
[19May2025 21:17:35.323] [Netty Epoll Server IO #2/DEBUG] [net.minecraftforge.network.HandshakeHandler/FMLHANDSHAKE]: Received client indexed reply 11 of type net.minecraftforge.network.HandshakeMessages$C2SAcknowledge
[19May2025 21:17:35.323] [Netty Epoll Server IO #2/DEBUG] [net.minecraftforge.network.HandshakeHandler/FMLHANDSHAKE]: Received acknowledgement from client
[19May2025 21:17:35.377] [Netty Epoll Server IO #2/DEBUG] [net.minecraftforge.network.LoginWrapper/FMLHANDSHAKE]: Recieved login wrapper packet event for channel fml:handshake with index 12
[19May2025 21:17:35.377] [Netty Epoll Server IO #2/DEBUG] [net.minecraftforge.network.HandshakeHandler/FMLHANDSHAKE]: Received client indexed reply 12 of type net.minecraftforge.network.HandshakeMessages$C2SAcknowledge
[19May2025 21:17:35.377] [Netty Epoll Server IO #2/DEBUG] [net.minecraftforge.network.HandshakeHandler/FMLHANDSHAKE]: Received acknowledgement from client
[19May2025 21:17:35.381] [Server thread/DEBUG] [net.minecraftforge.network.HandshakeHandler/FMLHANDSHAKE]: Sending ticking packet info 'Registry minecraft:stat_type' to 'fml:handshake' sequence 15
[19May2025 21:17:35.419] [Server thread/DEBUG] [net.minecraftforge.network.HandshakeHandler/FMLHANDSHAKE]: Sending ticking packet info 'Registry minecraft:menu' to 'fml:handshake' sequence 16
[19May2025 21:17:35.419] [Netty Epoll Server IO #2/DEBUG] [net.minecraftforge.network.LoginWrapper/FMLHANDSHAKE]: Recieved login wrapper packet event for channel fml:handshake with index 13
[19May2025 21:17:35.420] [Netty Epoll Server IO #2/DEBUG] [net.minecraftforge.network.HandshakeHandler/FMLHANDSHAKE]: Received client indexed reply 13 of type net.minecraftforge.network.HandshakeMessages$C2SAcknowledge
[19May2025 21:17:35.420] [Netty Epoll Server IO #2/DEBUG] [net.minecraftforge.network.HandshakeHandler/FMLHANDSHAKE]: Received acknowledgement from client
[19May2025 21:17:35.470] [Server thread/DEBUG] [net.minecraftforge.network.HandshakeHandler/FMLHANDSHAKE]: Sending ticking packet info 'Registry minecraft:enchantment' to 'fml:handshake' sequence 17
[19May2025 21:17:35.470] [Netty Epoll Server IO #2/DEBUG] [net.minecraftforge.network.LoginWrapper/FMLHANDSHAKE]: Recieved login wrapper packet event for channel fml:handshake with index 14
[19May2025 21:17:35.470] [Netty Epoll Server IO #2/DEBUG] [net.minecraftforge.network.HandshakeHandler/FMLHANDSHAKE]: Received client indexed reply 14 of type net.minecraftforge.network.HandshakeMessages$C2SAcknowledge
[19May2025 21:17:35.470] [Netty Epoll Server IO #2/DEBUG] [net.minecraftforge.network.HandshakeHandler/FMLHANDSHAKE]: Received acknowledgement from client
[19May2025 21:17:35.520] [Server thread/DEBUG] [net.minecraftforge.network.HandshakeHandler/FMLHANDSHAKE]: Sending ticking packet info 'Registry minecraft:fluid' to 'fml:handshake' sequence 18
[19May2025 21:17:35.531] [Netty Epoll Server IO #2/DEBUG] [net.minecraftforge.network.LoginWrapper/FMLHANDSHAKE]: Recieved login wrapper packet event for channel fml:handshake with index 15
[19May2025 21:17:35.531] [Netty Epoll Server IO #2/DEBUG] [net.minecraftforge.network.HandshakeHandler/FMLHANDSHAKE]: Received client indexed reply 15 of type net.minecraftforge.network.HandshakeMessages$C2SAcknowledge
[19May2025 21:17:35.531] [Netty Epoll Server IO #2/DEBUG] [net.minecraftforge.network.HandshakeHandler/FMLHANDSHAKE]: Received acknowledgement from client
[19May2025 21:17:35.569] [Netty Epoll Server IO #2/DEBUG] [net.minecraftforge.network.LoginWrapper/FMLHANDSHAKE]: Recieved login wrapper packet event for channel fml:handshake with index 16
[19May2025 21:17:35.569] [Server thread/DEBUG] [net.minecraftforge.network.HandshakeHandler/FMLHANDSHAKE]: Sending ticking packet info 'Registry minecraft:entity_type' to 'fml:handshake' sequence 19
[19May2025 21:17:35.569] [Netty Epoll Server IO #2/DEBUG] [net.minecraftforge.network.HandshakeHandler/FMLHANDSHAKE]: Received client indexed reply 16 of type net.minecraftforge.network.HandshakeMessages$C2SAcknowledge
[19May2025 21:17:35.569] [Netty Epoll Server IO #2/DEBUG] [net.minecraftforge.network.HandshakeHandler/FMLHANDSHAKE]: Received acknowledgement from client
[19May2025 21:17:35.618] [Server thread/DEBUG] [net.minecraftforge.network.HandshakeHandler/FMLHANDSHAKE]: Sending ticking packet info 'Config mimicer-server.toml' to 'fml:handshake' sequence 20
[19May2025 21:17:35.621] [Netty Epoll Server IO #2/DEBUG] [net.minecraftforge.network.LoginWrapper/FMLHANDSHAKE]: Recieved login wrapper packet event for channel fml:handshake with index 17
[19May2025 21:17:35.621] [Netty Epoll Server IO #2/DEBUG] [net.minecraftforge.network.HandshakeHandler/FMLHANDSHAKE]: Received client indexed reply 17 of type net.minecraftforge.network.HandshakeMessages$C2SAcknowledge
[19May2025 21:17:35.622] [Netty Epoll Server IO #2/DEBUG] [net.minecraftforge.network.HandshakeHandler/FMLHANDSHAKE]: Received acknowledgement from client
[19May2025 21:17:35.668] [Server thread/DEBUG] [net.minecraftforge.network.HandshakeHandler/FMLHANDSHAKE]: Sending ticking packet info 'Config forge-server.toml' to 'fml:handshake' sequence 21
[19May2025 21:17:35.670] [Netty Epoll Server IO #2/DEBUG] [net.minecraftforge.network.LoginWrapper/FMLHANDSHAKE]: Recieved login wrapper packet event for channel fml:handshake with index 18
[19May2025 21:17:35.670] [Netty Epoll Server IO #2/DEBUG] [net.minecraftforge.network.HandshakeHandler/FMLHANDSHAKE]: Received client indexed reply 18 of type net.minecraftforge.network.HandshakeMessages$C2SAcknowledge
[19May2025 21:17:35.670] [Netty Epoll Server IO #2/DEBUG] [net.minecraftforge.network.HandshakeHandler/FMLHANDSHAKE]: Received acknowledgement from client
[19May2025 21:17:35.954] [Netty Epoll Server IO #2/DEBUG] [net.minecraftforge.network.LoginWrapper/FMLHANDSHAKE]: Recieved login wrapper packet event for channel fml:handshake with index 19
[19May2025 21:17:35.954] [Netty Epoll Server IO #2/DEBUG] [net.minecraftforge.network.HandshakeHandler/FMLHANDSHAKE]: Received client indexed reply 19 of type net.minecraftforge.network.HandshakeMessages$C2SAcknowledge
[19May2025 21:17:35.955] [Netty Epoll Server IO #2/DEBUG] [net.minecraftforge.network.HandshakeHandler/FMLHANDSHAKE]: Received acknowledgement from client
[19May2025 21:17:35.963] [Netty Epoll Server IO #2/DEBUG] [net.minecraftforge.network.LoginWrapper/FMLHANDSHAKE]: Recieved login wrapper packet event for channel fml:handshake with index 20
[19May2025 21:17:35.963] [Netty Epoll Server IO #2/DEBUG] [net.minecraftforge.network.HandshakeHandler/FMLHANDSHAKE]: Received client indexed reply 20 of type net.minecraftforge.network.HandshakeMessages$C2SAcknowledge
[19May2025 21:17:35.963] [Netty Epoll Server IO #2/DEBUG] [net.minecraftforge.network.HandshakeHandler/FMLHANDSHAKE]: Received acknowledgement from client
[19May2025 21:17:35.966] [Netty Epoll Server IO #2/DEBUG] [net.minecraftforge.network.LoginWrapper/FMLHANDSHAKE]: Recieved login wrapper packet event for channel fml:handshake with index 21
[19May2025 21:17:35.967] [Netty Epoll Server IO #2/DEBUG] [net.minecraftforge.network.HandshakeHandler/FMLHANDSHAKE]: Received client indexed reply 21 of type net.minecraftforge.network.HandshakeMessages$C2SAcknowledge
[19May2025 21:17:35.967] [Netty Epoll Server IO #2/DEBUG] [net.minecraftforge.network.HandshakeHandler/FMLHANDSHAKE]: Received acknowledgement from client
[19May2025 21:17:35.970] [Server thread/DEBUG] [net.minecraftforge.network.HandshakeHandler/FMLHANDSHAKE]: Handshake complete!
[19May2025 21:17:36.033] [Server thread/INFO] [net.minecraftforge.common.AdvancementLoadFix/]: Using new advancement loading for net.minecraft.server.PlayerAdvancements@6fe0008c
[19May2025 21:17:36.049] [Server thread/INFO] [net.minecraft.server.players.PlayerList/]: Akukis[/172.22.156.190:58629] logged in with entity id 3973 at (-27.27881212170552, 108.0, 9.187266852425363)
[19May2025 21:17:36.051] [Server thread/DEBUG] [net.minecraftforge.network.filters.NetworkFilters/]: Injected net.minecraftforge.network.filters.ForgeConnectionNetworkFilter@96cd1a7 into net.minecraft.network.Connection@1173a689
[19May2025 21:17:36.084] [Server thread/INFO] [net.minecraft.server.MinecraftServer/]: Akukis joined the game
[19May2025 21:19:59.889] [Server thread/DEBUG] [net.minecraftforge.common.ForgeHooks/WP]: Gathering id map for writing to world save world
[19May2025 21:19:59.894] [Server thread/DEBUG] [net.minecraftforge.common.ForgeHooks/WP]: ID Map collection complete world
[19May2025 21:22:02.420] [Server thread/INFO] [net.minecraft.server.network.ServerGamePacketListenerImpl/]: Akukis lost connection: Disconnected
[19May2025 21:22:02.420] [Server thread/INFO] [net.minecraft.server.MinecraftServer/]: Akukis left the game
[19May2025 21:22:46.240] [Netty Epoll Server IO #0/DEBUG] [net.minecraftforge.network.HandshakeHandler/FMLHANDSHAKE]: Starting new modded impl connection. Found 22 messages to dispatch.
[19May2025 21:22:46.270] [Server thread/DEBUG] [net.minecraftforge.network.HandshakeHandler/FMLHANDSHAKE]: Sending ticking packet info 'net.minecraftforge.network.HandshakeMessages$S2CModData' to 'fml:handshake' sequence 0
[19May2025 21:22:46.321] [Server thread/DEBUG] [net.minecraftforge.network.HandshakeHandler/FMLHANDSHAKE]: Sending ticking packet info 'net.minecraftforge.network.HandshakeMessages$S2CModList' to 'fml:handshake' sequence 1
[19May2025 21:22:46.369] [Server thread/DEBUG] [net.minecraftforge.network.HandshakeHandler/FMLHANDSHAKE]: Sending ticking packet info 'Registry minecraft:command_argument_type' to 'fml:handshake' sequence 2
[19May2025 21:22:46.419] [Server thread/DEBUG] [net.minecraftforge.network.HandshakeHandler/FMLHANDSHAKE]: Sending ticking packet info 'Registry minecraft:recipe_serializer' to 'fml:handshake' sequence 3
[19May2025 21:22:46.472] [Server thread/DEBUG] [net.minecraftforge.network.HandshakeHandler/FMLHANDSHAKE]: Sending ticking packet info 'Registry minecraft:sound_event' to 'fml:handshake' sequence 4
[19May2025 21:22:46.478] [Netty Epoll Server IO #0/DEBUG] [net.minecraftforge.network.LoginWrapper/FMLHANDSHAKE]: Recieved login wrapper packet event for channel fml:handshake with index 1
[19May2025 21:22:46.478] [Netty Epoll Server IO #0/DEBUG] [net.minecraftforge.network.HandshakeHandler/FMLHANDSHAKE]: Received client indexed reply 1 of type net.minecraftforge.network.HandshakeMessages$C2SModListReply
[19May2025 21:22:46.478] [Netty Epoll Server IO #0/DEBUG] [net.minecraftforge.network.HandshakeHandler/FMLHANDSHAKE]: Received client connection with modlist [minecraft, forge, geckolib3, mimicer]
[19May2025 21:22:46.478] [Netty Epoll Server IO #0/DEBUG] [net.minecraftforge.network.NetworkRegistry/NETREGISTRY]: Channel 'fml:loginwrapper' : Version test of 'FML3' from client : ACCEPTED
[19May2025 21:22:46.478] [Netty Epoll Server IO #0/DEBUG] [net.minecraftforge.network.NetworkRegistry/NETREGISTRY]: Channel 'forge:tier_sorting' : Version test of '1.0' from client : ACCEPTED
[19May2025 21:22:46.478] [Netty Epoll Server IO #0/DEBUG] [net.minecraftforge.network.NetworkRegistry/NETREGISTRY]: Channel 'fml:handshake' : Version test of 'FML3' from client : ACCEPTED
[19May2025 21:22:46.478] [Netty Epoll Server IO #0/DEBUG] [net.minecraftforge.network.NetworkRegistry/NETREGISTRY]: Channel 'mimicer:main' : Version test of '2' from client : ACCEPTED
[19May2025 21:22:46.478] [Netty Epoll Server IO #0/DEBUG] [net.minecraftforge.network.NetworkRegistry/NETREGISTRY]: Channel 'geckolib3:main' : Version test of '0' from client : ACCEPTED
[19May2025 21:22:46.478] [Netty Epoll Server IO #0/DEBUG] [net.minecraftforge.network.NetworkRegistry/NETREGISTRY]: Channel 'minecraft:unregister' : Version test of 'FML3' from client : ACCEPTED
[19May2025 21:22:46.478] [Netty Epoll Server IO #0/DEBUG] [net.minecraftforge.network.NetworkRegistry/NETREGISTRY]: Channel 'fml:play' : Version test of 'FML3' from client : ACCEPTED
[19May2025 21:22:46.478] [Netty Epoll Server IO #0/DEBUG] [net.minecraftforge.network.NetworkRegistry/NETREGISTRY]: Channel 'minecraft:register' : Version test of 'FML3' from client : ACCEPTED
[19May2025 21:22:46.478] [Netty Epoll Server IO #0/DEBUG] [net.minecraftforge.network.NetworkRegistry/NETREGISTRY]: Channel 'forge:split' : Version test of '1.1' from client : ACCEPTED
[19May2025 21:22:46.478] [Netty Epoll Server IO #0/DEBUG] [net.minecraftforge.network.NetworkRegistry/NETREGISTRY]: Accepting channel list from client
[19May2025 21:22:46.478] [Netty Epoll Server IO #0/DEBUG] [net.minecraftforge.network.HandshakeHandler/FMLHANDSHAKE]: Accepted client connection mod list
[19May2025 21:22:46.523] [Netty Epoll Server IO #0/DEBUG] [net.minecraftforge.network.LoginWrapper/FMLHANDSHAKE]: Recieved login wrapper packet event for channel fml:handshake with index 2
[19May2025 21:22:46.523] [Netty Epoll Server IO #0/DEBUG] [net.minecraftforge.network.HandshakeHandler/FMLHANDSHAKE]: Received client indexed reply 2 of type net.minecraftforge.network.HandshakeMessages$C2SAcknowledge
[19May2025 21:22:46.523] [Netty Epoll Server IO #0/DEBUG] [net.minecraftforge.network.HandshakeHandler/FMLHANDSHAKE]: Received acknowledgement from client
[19May2025 21:22:46.524] [Server thread/DEBUG] [net.minecraftforge.network.HandshakeHandler/FMLHANDSHAKE]: Sending ticking packet info 'Registry minecraft:particle_type' to 'fml:handshake' sequence 5
[19May2025 21:22:46.569] [Server thread/DEBUG] [net.minecraftforge.network.HandshakeHandler/FMLHANDSHAKE]: Sending ticking packet info 'Registry minecraft:villager_profession' to 'fml:handshake' sequence 6
[19May2025 21:22:46.571] [Netty Epoll Server IO #0/DEBUG] [net.minecraftforge.network.LoginWrapper/FMLHANDSHAKE]: Recieved login wrapper packet event for channel fml:handshake with index 3
[19May2025 21:22:46.571] [Netty Epoll Server IO #0/DEBUG] [net.minecraftforge.network.HandshakeHandler/FMLHANDSHAKE]: Received client indexed reply 3 of type net.minecraftforge.network.HandshakeMessages$C2SAcknowledge
[19May2025 21:22:46.571] [Netty Epoll Server IO #0/DEBUG] [net.minecraftforge.network.HandshakeHandler/FMLHANDSHAKE]: Received acknowledgement from client
[19May2025 21:22:46.619] [Server thread/DEBUG] [net.minecraftforge.network.HandshakeHandler/FMLHANDSHAKE]: Sending ticking packet info 'Registry minecraft:item' to 'fml:handshake' sequence 7
[19May2025 21:22:46.669] [Server thread/DEBUG] [net.minecraftforge.network.HandshakeHandler/FMLHANDSHAKE]: Sending ticking packet info 'Registry minecraft:potion' to 'fml:handshake' sequence 8
[19May2025 21:22:46.718] [Server thread/DEBUG] [net.minecraftforge.network.HandshakeHandler/FMLHANDSHAKE]: Sending ticking packet info 'Registry minecraft:painting_variant' to 'fml:handshake' sequence 9
[19May2025 21:22:46.768] [Server thread/DEBUG] [net.minecraftforge.network.HandshakeHandler/FMLHANDSHAKE]: Sending ticking packet info 'Registry forge:fluid_type' to 'fml:handshake' sequence 10
[19May2025 21:22:46.775] [Netty Epoll Server IO #0/DEBUG] [net.minecraftforge.network.LoginWrapper/FMLHANDSHAKE]: Recieved login wrapper packet event for channel fml:handshake with index 4
[19May2025 21:22:46.776] [Netty Epoll Server IO #0/DEBUG] [net.minecraftforge.network.HandshakeHandler/FMLHANDSHAKE]: Received client indexed reply 4 of type net.minecraftforge.network.HandshakeMessages$C2SAcknowledge
[19May2025 21:22:46.776] [Netty Epoll Server IO #0/DEBUG] [net.minecraftforge.network.HandshakeHandler/FMLHANDSHAKE]: Received acknowledgement from client
[19May2025 21:22:46.776] [Netty Epoll Server IO #0/DEBUG] [net.minecraftforge.network.LoginWrapper/FMLHANDSHAKE]: Recieved login wrapper packet event for channel fml:handshake with index 5
[19May2025 21:22:46.776] [Netty Epoll Server IO #0/DEBUG] [net.minecraftforge.network.HandshakeHandler/FMLHANDSHAKE]: Received client indexed reply 5 of type net.minecraftforge.network.HandshakeMessages$C2SAcknowledge
[19May2025 21:22:46.776] [Netty Epoll Server IO #0/DEBUG] [net.minecraftforge.network.HandshakeHandler/FMLHANDSHAKE]: Received acknowledgement from client
[19May2025 21:22:46.777] [Netty Epoll Server IO #0/DEBUG] [net.minecraftforge.network.LoginWrapper/FMLHANDSHAKE]: Recieved login wrapper packet event for channel fml:handshake with index 6
[19May2025 21:22:46.777] [Netty Epoll Server IO #0/DEBUG] [net.minecraftforge.network.HandshakeHandler/FMLHANDSHAKE]: Received client indexed reply 6 of type net.minecraftforge.network.HandshakeMessages$C2SAcknowledge
[19May2025 21:22:46.777] [Netty Epoll Server IO #0/DEBUG] [net.minecraftforge.network.HandshakeHandler/FMLHANDSHAKE]: Received acknowledgement from client
[19May2025 21:22:46.778] [Netty Epoll Server IO #0/DEBUG] [net.minecraftforge.network.LoginWrapper/FMLHANDSHAKE]: Recieved login wrapper packet event for channel fml:handshake with index 7
[19May2025 21:22:46.778] [Netty Epoll Server IO #0/DEBUG] [net.minecraftforge.network.HandshakeHandler/FMLHANDSHAKE]: Received client indexed reply 7 of type net.minecraftforge.network.HandshakeMessages$C2SAcknowledge
[19May2025 21:22:46.779] [Netty Epoll Server IO #0/DEBUG] [net.minecraftforge.network.HandshakeHandler/FMLHANDSHAKE]: Received acknowledgement from client
[19May2025 21:22:46.819] [Server thread/DEBUG] [net.minecraftforge.network.HandshakeHandler/FMLHANDSHAKE]: Sending ticking packet info 'Registry minecraft:block_entity_type' to 'fml:handshake' sequence 11
[19May2025 21:22:46.820] [Netty Epoll Server IO #0/DEBUG] [net.minecraftforge.network.LoginWrapper/FMLHANDSHAKE]: Recieved login wrapper packet event for channel fml:handshake with index 8
[19May2025 21:22:46.820] [Netty Epoll Server IO #0/DEBUG] [net.minecraftforge.network.HandshakeHandler/FMLHANDSHAKE]: Received client indexed reply 8 of type net.minecraftforge.network.HandshakeMessages$C2SAcknowledge
[19May2025 21:22:46.820] [Netty Epoll Server IO #0/DEBUG] [net.minecraftforge.network.HandshakeHandler/FMLHANDSHAKE]: Received acknowledgement from client
[19May2025 21:22:46.869] [Server thread/DEBUG] [net.minecraftforge.network.HandshakeHandler/FMLHANDSHAKE]: Sending ticking packet info 'Registry minecraft:block' to 'fml:handshake' sequence 12
[19May2025 21:22:46.869] [Netty Epoll Server IO #0/DEBUG] [net.minecraftforge.network.LoginWrapper/FMLHANDSHAKE]: Recieved login wrapper packet event for channel fml:handshake with index 9
[19May2025 21:22:46.869] [Netty Epoll Server IO #0/DEBUG] [net.minecraftforge.network.HandshakeHandler/FMLHANDSHAKE]: Received client indexed reply 9 of type net.minecraftforge.network.HandshakeMessages$C2SAcknowledge
[19May2025 21:22:46.869] [Netty Epoll Server IO #0/DEBUG] [net.minecraftforge.network.HandshakeHandler/FMLHANDSHAKE]: Received acknowledgement from client
[19May2025 21:22:46.919] [Server thread/DEBUG] [net.minecraftforge.network.HandshakeHandler/FMLHANDSHAKE]: Sending ticking packet info 'Registry forge:entity_data_serializers' to 'fml:handshake' sequence 13
[19May2025 21:22:46.919] [Netty Epoll Server IO #0/DEBUG] [net.minecraftforge.network.LoginWrapper/FMLHANDSHAKE]: Recieved login wrapper packet event for channel fml:handshake with index 10
[19May2025 21:22:46.919] [Netty Epoll Server IO #0/DEBUG] [net.minecraftforge.network.HandshakeHandler/FMLHANDSHAKE]: Received client indexed reply 10 of type net.minecraftforge.network.HandshakeMessages$C2SAcknowledge
[19May2025 21:22:46.919] [Netty Epoll Server IO #0/DEBUG] [net.minecraftforge.network.HandshakeHandler/FMLHANDSHAKE]: Received acknowledgement from client
[19May2025 21:22:46.969] [Server thread/DEBUG] [net.minecraftforge.network.HandshakeHandler/FMLHANDSHAKE]: Sending ticking packet info 'Registry minecraft:mob_effect' to 'fml:handshake' sequence 14
[19May2025 21:22:46.969] [Netty Epoll Server IO #0/DEBUG] [net.minecraftforge.network.LoginWrapper/FMLHANDSHAKE]: Recieved login wrapper packet event for channel fml:handshake with index 11
[19May2025 21:22:46.969] [Netty Epoll Server IO #0/DEBUG] [net.minecraftforge.network.HandshakeHandler/FMLHANDSHAKE]: Received client indexed reply 11 of type net.minecraftforge.network.HandshakeMessages$C2SAcknowledge
[19May2025 21:22:46.969] [Netty Epoll Server IO #0/DEBUG] [net.minecraftforge.network.HandshakeHandler/FMLHANDSHAKE]: Received acknowledgement from client
[19May2025 21:22:47.019] [Server thread/DEBUG] [net.minecraftforge.network.HandshakeHandler/FMLHANDSHAKE]: Sending ticking packet info 'Registry minecraft:stat_type' to 'fml:handshake' sequence 15
[19May2025 21:22:47.021] [Netty Epoll Server IO #0/DEBUG] [net.minecraftforge.network.LoginWrapper/FMLHANDSHAKE]: Recieved login wrapper packet event for channel fml:handshake with index 12
[19May2025 21:22:47.021] [Netty Epoll Server IO #0/DEBUG] [net.minecraftforge.network.HandshakeHandler/FMLHANDSHAKE]: Received client indexed reply 12 of type net.minecraftforge.network.HandshakeMessages$C2SAcknowledge
[19May2025 21:22:47.021] [Netty Epoll Server IO #0/DEBUG] [net.minecraftforge.network.HandshakeHandler/FMLHANDSHAKE]: Received acknowledgement from client
[19May2025 21:22:47.069] [Server thread/DEBUG] [net.minecraftforge.network.HandshakeHandler/FMLHANDSHAKE]: Sending ticking packet info 'Registry minecraft:menu' to 'fml:handshake' sequence 16
[19May2025 21:22:47.070] [Netty Epoll Server IO #0/DEBUG] [net.minecraftforge.network.LoginWrapper/FMLHANDSHAKE]: Recieved login wrapper packet event for channel fml:handshake with index 13
[19May2025 21:22:47.070] [Netty Epoll Server IO #0/DEBUG] [net.minecraftforge.network.HandshakeHandler/FMLHANDSHAKE]: Received client indexed reply 13 of type net.minecraftforge.network.HandshakeMessages$C2SAcknowledge
[19May2025 21:22:47.070] [Netty Epoll Server IO #0/DEBUG] [net.minecraftforge.network.HandshakeHandler/FMLHANDSHAKE]: Received acknowledgement from client
[19May2025 21:22:47.119] [Server thread/DEBUG] [net.minecraftforge.network.HandshakeHandler/FMLHANDSHAKE]: Sending ticking packet info 'Registry minecraft:enchantment' to 'fml:handshake' sequence 17
[19May2025 21:22:47.120] [Netty Epoll Server IO #0/DEBUG] [net.minecraftforge.network.LoginWrapper/FMLHANDSHAKE]: Recieved login wrapper packet event for channel fml:handshake with index 14
[19May2025 21:22:47.120] [Netty Epoll Server IO #0/DEBUG] [net.minecraftforge.network.HandshakeHandler/FMLHANDSHAKE]: Received client indexed reply 14 of type net.minecraftforge.network.HandshakeMessages$C2SAcknowledge
[19May2025 21:22:47.120] [Netty Epoll Server IO #0/DEBUG] [net.minecraftforge.network.HandshakeHandler/FMLHANDSHAKE]: Received acknowledgement from client
[19May2025 21:22:47.169] [Server thread/DEBUG] [net.minecraftforge.network.HandshakeHandler/FMLHANDSHAKE]: Sending ticking packet info 'Registry minecraft:fluid' to 'fml:handshake' sequence 18
[19May2025 21:22:47.170] [Netty Epoll Server IO #0/DEBUG] [net.minecraftforge.network.LoginWrapper/FMLHANDSHAKE]: Recieved login wrapper packet event for channel fml:handshake with index 15
[19May2025 21:22:47.170] [Netty Epoll Server IO #0/DEBUG] [net.minecraftforge.network.HandshakeHandler/FMLHANDSHAKE]: Received client indexed reply 15 of type net.minecraftforge.network.HandshakeMessages$C2SAcknowledge
[19May2025 21:22:47.170] [Netty Epoll Server IO #0/DEBUG] [net.minecraftforge.network.HandshakeHandler/FMLHANDSHAKE]: Received acknowledgement from client
[19May2025 21:22:47.219] [Server thread/DEBUG] [net.minecraftforge.network.HandshakeHandler/FMLHANDSHAKE]: Sending ticking packet info 'Registry minecraft:entity_type' to 'fml:handshake' sequence 19
[19May2025 21:22:47.221] [Netty Epoll Server IO #0/DEBUG] [net.minecraftforge.network.LoginWrapper/FMLHANDSHAKE]: Recieved login wrapper packet event for channel fml:handshake with index 16
[19May2025 21:22:47.221] [Netty Epoll Server IO #0/DEBUG] [net.minecraftforge.network.HandshakeHandler/FMLHANDSHAKE]: Received client indexed reply 16 of type net.minecraftforge.network.HandshakeMessages$C2SAcknowledge
[19May2025 21:22:47.221] [Netty Epoll Server IO #0/DEBUG] [net.minecraftforge.network.HandshakeHandler/FMLHANDSHAKE]: Received acknowledgement from client
[19May2025 21:22:47.268] [Server thread/DEBUG] [net.minecraftforge.network.HandshakeHandler/FMLHANDSHAKE]: Sending ticking packet info 'Config mimicer-server.toml' to 'fml:handshake' sequence 20
[19May2025 21:22:47.270] [Netty Epoll Server IO #0/DEBUG] [net.minecraftforge.network.LoginWrapper/FMLHANDSHAKE]: Recieved login wrapper packet event for channel fml:handshake with index 17
[19May2025 21:22:47.270] [Netty Epoll Server IO #0/DEBUG] [net.minecraftforge.network.HandshakeHandler/FMLHANDSHAKE]: Received client indexed reply 17 of type net.minecraftforge.network.HandshakeMessages$C2SAcknowledge
[19May2025 21:22:47.270] [Netty Epoll Server IO #0/DEBUG] [net.minecraftforge.network.HandshakeHandler/FMLHANDSHAKE]: Received acknowledgement from client
[19May2025 21:22:47.320] [Netty Epoll Server IO #0/DEBUG] [net.minecraftforge.network.LoginWrapper/FMLHANDSHAKE]: Recieved login wrapper packet event for channel fml:handshake with index 18
[19May2025 21:22:47.320] [Netty Epoll Server IO #0/DEBUG] [net.minecraftforge.network.HandshakeHandler/FMLHANDSHAKE]: Received client indexed reply 18 of type net.minecraftforge.network.HandshakeMessages$C2SAcknowledge
[19May2025 21:22:47.320] [Netty Epoll Server IO #0/DEBUG] [net.minecraftforge.network.HandshakeHandler/FMLHANDSHAKE]: Received acknowledgement from client
[19May2025 21:22:47.333] [Server thread/DEBUG] [net.minecraftforge.network.HandshakeHandler/FMLHANDSHAKE]: Sending ticking packet info 'Config forge-server.toml' to 'fml:handshake' sequence 21
[19May2025 21:22:47.612] [Netty Epoll Server IO #0/DEBUG] [net.minecraftforge.network.LoginWrapper/FMLHANDSHAKE]: Recieved login wrapper packet event for channel fml:handshake with index 19
[19May2025 21:22:47.612] [Netty Epoll Server IO #0/DEBUG] [net.minecraftforge.network.HandshakeHandler/FMLHANDSHAKE]: Received client indexed reply 19 of type net.minecraftforge.network.HandshakeMessages$C2SAcknowledge
[19May2025 21:22:47.612] [Netty Epoll Server IO #0/DEBUG] [net.minecraftforge.network.HandshakeHandler/FMLHANDSHAKE]: Received acknowledgement from client
[19May2025 21:22:47.616] [Netty Epoll Server IO #0/DEBUG] [net.minecraftforge.network.LoginWrapper/FMLHANDSHAKE]: Recieved login wrapper packet event for channel fml:handshake with index 20
[19May2025 21:22:47.617] [Netty Epoll Server IO #0/DEBUG] [net.minecraftforge.network.HandshakeHandler/FMLHANDSHAKE]: Received client indexed reply 20 of type net.minecraftforge.network.HandshakeMessages$C2SAcknowledge
[19May2025 21:22:47.617] [Netty Epoll Server IO #0/DEBUG] [net.minecraftforge.network.HandshakeHandler/FMLHANDSHAKE]: Received acknowledgement from client
[19May2025 21:22:47.618] [Netty Epoll Server IO #0/DEBUG] [net.minecraftforge.network.LoginWrapper/FMLHANDSHAKE]: Recieved login wrapper packet event for channel fml:handshake with index 21
[19May2025 21:22:47.618] [Netty Epoll Server IO #0/DEBUG] [net.minecraftforge.network.HandshakeHandler/FMLHANDSHAKE]: Received client indexed reply 21 of type net.minecraftforge.network.HandshakeMessages$C2SAcknowledge
[19May2025 21:22:47.618] [Netty Epoll Server IO #0/DEBUG] [net.minecraftforge.network.HandshakeHandler/FMLHANDSHAKE]: Received acknowledgement from client
[19May2025 21:22:47.620] [Server thread/DEBUG] [net.minecraftforge.network.HandshakeHandler/FMLHANDSHAKE]: Handshake complete!
[19May2025 21:22:47.676] [Server thread/INFO] [net.minecraftforge.common.AdvancementLoadFix/]: Using new advancement loading for net.minecraft.server.PlayerAdvancements@31a6e2cd
[19May2025 21:22:47.687] [Server thread/INFO] [net.minecraft.server.players.PlayerList/]: Akukis[/172.22.156.190:58686] logged in with entity id 4709 at (-54.420336658151676, 119.0, 16.04559108208394)
[19May2025 21:22:47.688] [Server thread/DEBUG] [net.minecraftforge.network.filters.NetworkFilters/]: Injected net.minecraftforge.network.filters.ForgeConnectionNetworkFilter@120bd883 into net.minecraft.network.Connection@2cc1d592
[19May2025 21:22:47.714] [Server thread/INFO] [net.minecraft.server.MinecraftServer/]: Akukis joined the game
[19May2025 21:24:59.888] [Server thread/DEBUG] [net.minecraftforge.common.ForgeHooks/WP]: Gathering id map for writing to world save world
[19May2025 21:24:59.894] [Server thread/DEBUG] [net.minecraftforge.common.ForgeHooks/WP]: ID Map collection complete world
[19May2025 21:25:32.224] [Server thread/DEBUG] [de.cadentem.mimicer.Mimicer/]: Mimicer could not pass the spawn checks, target: [ServerPlayer['Akukis'/4709, l='ServerLevel[world]', x=-55.59, y=120.00, z=15.53]]
[19May2025 21:25:32.996] [Server thread/DEBUG] [de.cadentem.mimicer.Mimicer/]: Mimicer could not pass the spawn checks, target: [ServerPlayer['Akukis'/4709, l='ServerLevel[world]', x=-55.59, y=120.00, z=15.53]]
[19May2025 21:25:33.497] [Server thread/DEBUG] [de.cadentem.mimicer.Mimicer/]: Mimicer could not pass the spawn checks, target: [ServerPlayer['Akukis'/4709, l='ServerLevel[world]', x=-55.59, y=120.00, z=15.53]]
[19May2025 21:25:34.042] [Server thread/DEBUG] [de.cadentem.mimicer.Mimicer/]: Mimicer could not pass the spawn checks, target: [ServerPlayer['Akukis'/4709, l='ServerLevel[world]', x=-55.59, y=120.00, z=15.53]]
[19May2025 21:25:34.183] [Server thread/DEBUG] [de.cadentem.mimicer.Mimicer/]: Mimicer could not pass the spawn checks, target: [ServerPlayer['Akukis'/4709, l='ServerLevel[world]', x=-55.59, y=120.00, z=15.53]]
[19May2025 21:25:35.142] [Server thread/DEBUG] [de.cadentem.mimicer.Mimicer/]: Mimicer could not pass the spawn checks, target: [ServerPlayer['Akukis'/4709, l='ServerLevel[world]', x=-55.59, y=120.00, z=15.53]]
[19May2025 21:25:36.506] [Server thread/DEBUG] [de.cadentem.mimicer.Mimicer/]: Mimicer could not pass the spawn checks, target: [ServerPlayer['Akukis'/4709, l='ServerLevel[world]', x=-55.59, y=120.00, z=15.53]]
[19May2025 21:25:36.546] [Server thread/DEBUG] [de.cadentem.mimicer.Mimicer/]: Mimicer could not pass the spawn checks, target: [ServerPlayer['Akukis'/4709, l='ServerLevel[world]', x=-55.59, y=120.00, z=15.53]]
[19May2025 21:25:37.588] [Server thread/DEBUG] [de.cadentem.mimicer.Mimicer/]: Mimicer could not pass the spawn checks, target: [ServerPlayer['Akukis'/4709, l='ServerLevel[world]', x=-55.59, y=120.00, z=15.53]]
[19May2025 21:25:38.096] [Server thread/DEBUG] [de.cadentem.mimicer.Mimicer/]: Mimicer could not pass the spawn checks, target: [ServerPlayer['Akukis'/4709, l='ServerLevel[world]', x=-55.59, y=120.00, z=15.53]]
[19May2025 21:25:38.976] [Server thread/DEBUG] [de.cadentem.mimicer.Mimicer/]: Mimicer could not pass the spawn checks, target: [ServerPlayer['Akukis'/4709, l='ServerLevel[world]', x=-55.59, y=120.00, z=15.53]]
[19May2025 21:25:40.403] [Server thread/DEBUG] [de.cadentem.mimicer.Mimicer/]: Mimicer could not pass the spawn checks, target: [ServerPlayer['Akukis'/4709, l='ServerLevel[world]', x=-55.59, y=120.00, z=15.53]]
[19May2025 21:25:42.782] [Server thread/DEBUG] [de.cadentem.mimicer.Mimicer/]: Mimicer could not pass the spawn checks, target: [ServerPlayer['Akukis'/4709, l='ServerLevel[world]', x=-55.59, y=120.00, z=15.53]]
[19May2025 21:25:42.814] [Server thread/DEBUG] [de.cadentem.mimicer.Mimicer/]: Mimicer could not pass the spawn checks, target: [ServerPlayer['Akukis'/4709, l='ServerLevel[world]', x=-55.59, y=120.00, z=15.53]]
[19May2025 21:25:44.054] [Server thread/DEBUG] [de.cadentem.mimicer.Mimicer/]: Mimicer could not pass the spawn checks, target: [ServerPlayer['Akukis'/4709, l='ServerLevel[world]', x=-55.59, y=120.00, z=15.53]]
[19May2025 21:25:45.081] [Server thread/DEBUG] [de.cadentem.mimicer.Mimicer/]: Mimicer could not pass the spawn checks, target: [ServerPlayer['Akukis'/4709, l='ServerLevel[world]', x=-55.59, y=120.00, z=15.53]]
[19May2025 21:25:47.131] [Server thread/DEBUG] [de.cadentem.mimicer.Mimicer/]: Mimicer could not pass the spawn checks, target: [ServerPlayer['Akukis'/4709, l='ServerLevel[world]', x=-55.59, y=120.00, z=15.53]]
[19May2025 21:25:49.651] [Server thread/DEBUG] [de.cadentem.mimicer.Mimicer/]: Mimicer could not pass the spawn checks, target: [ServerPlayer['Akukis'/4709, l='ServerLevel[world]', x=-55.59, y=120.00, z=15.53]]
[19May2025 21:25:50.043] [Server thread/DEBUG] [de.cadentem.mimicer.Mimicer/]: Mimicer could not pass the spawn checks, target: [ServerPlayer['Akukis'/4709, l='ServerLevel[world]', x=-55.59, y=120.00, z=15.53]]
[19May2025 21:25:51.002] [Server thread/DEBUG] [de.cadentem.mimicer.Mimicer/]: Mimicer could not pass the spawn checks, target: [ServerPlayer['Akukis'/4709, l='ServerLevel[world]', x=-55.59, y=120.00, z=15.53]]
[19May2025 21:25:51.303] [Server thread/DEBUG] [de.cadentem.mimicer.Mimicer/]: Mimicer could not pass the spawn checks, target: [ServerPlayer['Akukis'/4709, l='ServerLevel[world]', x=-55.59, y=120.00, z=15.53]]
[19May2025 21:25:51.633] [Server thread/DEBUG] [de.cadentem.mimicer.Mimicer/]: Mimicer could not pass the spawn checks, target: [ServerPlayer['Akukis'/4709, l='ServerLevel[world]', x=-55.59, y=120.00, z=15.53]]
[19May2025 21:25:55.001] [Server thread/DEBUG] [de.cadentem.mimicer.Mimicer/]: Mimicer could not pass the spawn checks, target: [ServerPlayer['Akukis'/4709, l='ServerLevel[world]', x=-55.59, y=120.00, z=15.53]]
[19May2025 21:25:55.322] [Server thread/DEBUG] [de.cadentem.mimicer.Mimicer/]: Mimicer could not pass the spawn checks, target: [ServerPlayer['Akukis'/4709, l='ServerLevel[world]', x=-55.59, y=120.00, z=15.53]]
[19May2025 21:25:57.830] [Server thread/DEBUG] [de.cadentem.mimicer.Mimicer/]: Mimicer could not pass the spawn checks, target: [ServerPlayer['Akukis'/4709, l='ServerLevel[world]', x=-55.59, y=120.00, z=15.53]]
[19May2025 21:25:57.970] [Server thread/DEBUG] [de.cadentem.mimicer.Mimicer/]: Mimicer could not pass the spawn checks, target: [ServerPlayer['Akukis'/4709, l='ServerLevel[world]', x=-55.59, y=120.00, z=15.53]]
[19May2025 21:25:59.237] [Server thread/DEBUG] [de.cadentem.mimicer.Mimicer/]: Mimicer could not pass the spawn checks, target: [ServerPlayer['Akukis'/4709, l='ServerLevel[world]', x=-55.59, y=120.00, z=15.53]]
[19May2025 21:25:59.325] [Server thread/DEBUG] [de.cadentem.mimicer.Mimicer/]: Mimicer could not pass the spawn checks, target: [ServerPlayer['Akukis'/4709, l='ServerLevel[world]', x=-55.59, y=120.00, z=15.53]]
[19May2025 21:25:59.471] [Server thread/DEBUG] [de.cadentem.mimicer.Mimicer/]: Mimicer could not pass the spawn checks, target: [ServerPlayer['Akukis'/4709, l='ServerLevel[world]', x=-55.59, y=120.00, z=15.53]]
[19May2025 21:26:00.850] [Server thread/DEBUG] [de.cadentem.mimicer.Mimicer/]: Mimicer could not pass the spawn checks, target: [ServerPlayer['Akukis'/4709, l='ServerLevel[world]', x=-55.59, y=120.00, z=15.53]]
[19May2025 21:26:01.066] [Server thread/DEBUG] [de.cadentem.mimicer.Mimicer/]: Mimicer could not pass the spawn checks, target: [ServerPlayer['Akukis'/4709, l='ServerLevel[world]', x=-55.59, y=120.00, z=15.53]]
[19May2025 21:26:01.237] [Server thread/DEBUG] [de.cadentem.mimicer.Mimicer/]: Mimicer could not pass the spawn checks, target: [ServerPlayer['Akukis'/4709, l='ServerLevel[world]', x=-55.59, y=120.00, z=15.53]]
[19May2025 21:26:02.917] [Server thread/DEBUG] [de.cadentem.mimicer.Mimicer/]: Mimicer could not pass the spawn checks, target: [ServerPlayer['Akukis'/4709, l='ServerLevel[world]', x=-55.59, y=120.00, z=15.53]]
[19May2025 21:26:02.992] [Server thread/DEBUG] [de.cadentem.mimicer.Mimicer/]: Mimicer could not pass the spawn checks, target: [ServerPlayer['Akukis'/4709, l='ServerLevel[world]', x=-55.59, y=120.00, z=15.53]]
[19May2025 21:26:03.369] [Server thread/DEBUG] [de.cadentem.mimicer.Mimicer/]: Mimicer could not pass the spawn checks, target: [ServerPlayer['Akukis'/4709, l='ServerLevel[world]', x=-55.59, y=120.00, z=15.53]]
[19May2025 21:26:04.130] [Server thread/DEBUG] [de.cadentem.mimicer.Mimicer/]: Mimicer could not pass the spawn checks, target: [ServerPlayer['Akukis'/4709, l='ServerLevel[world]', x=-55.59, y=120.00, z=15.53]]
[19May2025 21:26:04.607] [Server thread/DEBUG] [de.cadentem.mimicer.Mimicer/]: Mimicer could not pass the spawn checks, target: [ServerPlayer['Akukis'/4709, l='ServerLevel[world]', x=-55.59, y=120.00, z=15.53]]
[19May2025 21:26:04.883] [Server thread/DEBUG] [de.cadentem.mimicer.Mimicer/]: Mimicer could not pass the spawn checks, target: [ServerPlayer['Akukis'/4709, l='ServerLevel[world]', x=-55.59, y=120.00, z=15.53]]
[19May2025 21:26:05.843] [Server thread/DEBUG] [de.cadentem.mimicer.Mimicer/]: Mimicer could not pass the spawn checks, target: [ServerPlayer['Akukis'/4709, l='ServerLevel[world]', x=-55.59, y=120.00, z=15.53]]
[19May2025 21:26:06.036] [Server thread/DEBUG] [de.cadentem.mimicer.Mimicer/]: Mimicer could not pass the spawn checks, target: [ServerPlayer['Akukis'/4709, l='ServerLevel[world]', x=-55.59, y=120.00, z=15.53]]
[19May2025 21:26:08.195] [Server thread/DEBUG] [de.cadentem.mimicer.Mimicer/]: Mimicer could not pass the spawn checks, target: [ServerPlayer['Akukis'/4709, l='ServerLevel[world]', x=-55.59, y=120.00, z=15.53]]
[19May2025 21:26:08.343] [Server thread/DEBUG] [de.cadentem.mimicer.Mimicer/]: Mimicer could not pass the spawn checks, target: [ServerPlayer['Akukis'/4709, l='ServerLevel[world]', x=-55.59, y=120.00, z=15.53]]
[19May2025 21:26:08.699] [Server thread/DEBUG] [de.cadentem.mimicer.Mimicer/]: Mimicer could not pass the spawn checks, target: [ServerPlayer['Akukis'/4709, l='ServerLevel[world]', x=-55.59, y=120.00, z=15.53]]
[19May2025 21:26:10.177] [Server thread/DEBUG] [de.cadentem.mimicer.Mimicer/]: Mimicer could not pass the spawn checks, target: [ServerPlayer['Akukis'/4709, l='ServerLevel[world]', x=-55.59, y=120.00, z=15.53]]
[19May2025 21:26:11.435] [Server thread/DEBUG] [de.cadentem.mimicer.Mimicer/]: Mimicer could not pass the spawn checks, target: [ServerPlayer['Akukis'/4709, l='ServerLevel[world]', x=-55.59, y=120.00, z=15.53]]
[19May2025 21:26:12.392] [Server thread/DEBUG] [de.cadentem.mimicer.Mimicer/]: Mimicer could not pass the spawn checks, target: [ServerPlayer['Akukis'/4709, l='ServerLevel[world]', x=-55.59, y=120.00, z=15.53]]
[19May2025 21:26:14.459] [Server thread/DEBUG] [de.cadentem.mimicer.Mimicer/]: Mimicer could not pass the spawn checks, target: [ServerPlayer['Akukis'/4709, l='ServerLevel[world]', x=-55.59, y=120.00, z=15.53]]
[19May2025 21:26:18.872] [Server thread/DEBUG] [de.cadentem.mimicer.Mimicer/]: Mimicer could not pass the spawn checks, target: [ServerPlayer['Akukis'/4709, l='ServerLevel[world]', x=-55.59, y=120.00, z=15.53]]
[19May2025 21:26:18.993] [Server thread/DEBUG] [de.cadentem.mimicer.Mimicer/]: Mimicer could not pass the spawn checks, target: [ServerPlayer['Akukis'/4709, l='ServerLevel[world]', x=-55.59, y=120.00, z=15.53]]
[19May2025 21:26:19.982] [Server thread/DEBUG] [de.cadentem.mimicer.Mimicer/]: Mimicer could not pass the spawn checks, target: [ServerPlayer['Akukis'/4709, l='ServerLevel[world]', x=-55.59, y=120.00, z=15.53]]
[19May2025 21:26:21.111] [Server thread/DEBUG] [de.cadentem.mimicer.Mimicer/]: Mimicer could not pass the spawn checks, target: [ServerPlayer['Akukis'/4709, l='ServerLevel[world]', x=-55.59, y=120.00, z=15.53]]
[19May2025 21:26:22.154] [Server thread/DEBUG] [de.cadentem.mimicer.Mimicer/]: Mimicer could not pass the spawn checks, target: [ServerPlayer['Akukis'/4709, l='ServerLevel[world]', x=-55.59, y=120.00, z=15.53]]
[19May2025 21:26:22.607] [Server thread/DEBUG] [de.cadentem.mimicer.Mimicer/]: Mimicer could not pass the spawn checks, target: [ServerPlayer['Akukis'/4709, l='ServerLevel[world]', x=-55.59, y=120.00, z=15.53]]
[19May2025 21:26:22.887] [Server thread/DEBUG] [de.cadentem.mimicer.Mimicer/]: Mimicer could not pass the spawn checks, target: [ServerPlayer['Akukis'/4709, l='ServerLevel[world]', x=-55.59, y=120.00, z=15.53]]
[19May2025 21:26:23.810] [Server thread/DEBUG] [de.cadentem.mimicer.Mimicer/]: Mimicer could not pass the spawn checks, target: [ServerPlayer['Akukis'/4709, l='ServerLevel[world]', x=-55.59, y=120.00, z=15.53]]
[19May2025 21:26:24.983] [Server thread/DEBUG] [de.cadentem.mimicer.Mimicer/]: Mimicer could not pass the spawn checks, target: [ServerPlayer['Akukis'/4709, l='ServerLevel[world]', x=-55.59, y=120.00, z=15.53]]
[19May2025 21:26:25.678] [Server thread/DEBUG] [de.cadentem.mimicer.Mimicer/]: Mimicer could not pass the spawn checks, target: [ServerPlayer['Akukis'/4709, l='ServerLevel[world]', x=-55.59, y=120.00, z=15.53]]
[19May2025 21:26:25.923] [Server thread/DEBUG] [de.cadentem.mimicer.Mimicer/]: Mimicer could not pass the spawn checks, target: [ServerPlayer['Akukis'/4709, l='ServerLevel[world]', x=-55.59, y=120.00, z=15.53]]
[19May2025 21:26:27.771] [Server thread/DEBUG] [de.cadentem.mimicer.Mimicer/]: Mimicer could not pass the spawn checks, target: [ServerPlayer['Akukis'/4709, l='ServerLevel[world]', x=-55.59, y=120.00, z=15.53]]
[19May2025 21:26:27.867] [Server thread/DEBUG] [de.cadentem.mimicer.Mimicer/]: Mimicer could not pass the spawn checks, target: [ServerPlayer['Akukis'/4709, l='ServerLevel[world]', x=-55.59, y=120.00, z=15.53]]
[19May2025 21:26:30.656] [Server thread/DEBUG] [de.cadentem.mimicer.Mimicer/]: Mimicer could not pass the spawn checks, target: [ServerPlayer['Akukis'/4709, l='ServerLevel[world]', x=-55.59, y=120.00, z=15.53]]
[19May2025 21:26:31.952] [Server thread/DEBUG] [de.cadentem.mimicer.Mimicer/]: Mimicer could not pass the spawn checks, target: [ServerPlayer['Akukis'/4709, l='ServerLevel[world]', x=-55.59, y=120.00, z=15.53]]
[19May2025 21:26:32.321] [Server thread/DEBUG] [de.cadentem.mimicer.Mimicer/]: Mimicer could not pass the spawn checks, target: [ServerPlayer['Akukis'/4709, l='ServerLevel[world]', x=-55.59, y=120.00, z=15.53]]
[19May2025 21:26:33.078] [Server thread/DEBUG] [de.cadentem.mimicer.Mimicer/]: Mimicer could not pass the spawn checks, target: [ServerPlayer['Akukis'/4709, l='ServerLevel[world]', x=-55.59, y=120.00, z=15.53]]
[19May2025 21:26:33.138] [Server thread/DEBUG] [de.cadentem.mimicer.Mimicer/]: Mimicer could not pass the spawn checks, target: [ServerPlayer['Akukis'/4709, l='ServerLevel[world]', x=-55.59, y=120.00, z=15.53]]
[19May2025 21:26:34.988] [Server thread/DEBUG] [de.cadentem.mimicer.Mimicer/]: Mimicer could not pass the spawn checks, target: [ServerPlayer['Akukis'/4709, l='ServerLevel[world]', x=-55.59, y=120.00, z=15.53]]
[19May2025 21:26:35.141] [Server thread/DEBUG] [de.cadentem.mimicer.Mimicer/]: Mimicer could not pass the spawn checks, target: [ServerPlayer['Akukis'/4709, l='ServerLevel[world]', x=-55.59, y=120.00, z=15.53]]
[19May2025 21:26:35.296] [Server thread/DEBUG] [de.cadentem.mimicer.Mimicer/]: Mimicer could not pass the spawn checks, target: [ServerPlayer['Akukis'/4709, l='ServerLevel[world]', x=-55.59, y=120.00, z=15.53]]
[19May2025 21:26:35.452] [Server thread/DEBUG] [de.cadentem.mimicer.Mimicer/]: Mimicer could not pass the spawn checks, target: [ServerPlayer['Akukis'/4709, l='ServerLevel[world]', x=-55.59, y=120.00, z=15.53]]
[19May2025 21:26:36.394] [Server thread/DEBUG] [de.cadentem.mimicer.Mimicer/]: Mimicer could not pass the spawn checks, target: [ServerPlayer['Akukis'/4709, l='ServerLevel[world]', x=-55.59, y=120.00, z=15.53]]
[19May2025 21:26:36.777] [Server thread/DEBUG] [de.cadentem.mimicer.Mimicer/]: Mimicer could not pass the spawn checks, target: [ServerPlayer['Akukis'/4709, l='ServerLevel[world]', x=-55.59, y=120.00, z=15.53]]
[19May2025 21:26:37.196] [Server thread/DEBUG] [de.cadentem.mimicer.Mimicer/]: Mimicer could not pass the spawn checks, target: [ServerPlayer['Akukis'/4709, l='ServerLevel[world]', x=-55.59, y=120.00, z=15.53]]
[19May2025 21:26:37.821] [Server thread/DEBUG] [de.cadentem.mimicer.Mimicer/]: Mimicer could not pass the spawn checks, target: [ServerPlayer['Akukis'/4709, l='ServerLevel[world]', x=-55.59, y=120.00, z=15.53]]
[19May2025 21:26:39.265] [Server thread/DEBUG] [de.cadentem.mimicer.Mimicer/]: Mimicer could not pass the spawn checks, target: [ServerPlayer['Akukis'/4709, l='ServerLevel[world]', x=-55.59, y=120.00, z=15.53]]
[19May2025 21:26:42.451] [Server thread/INFO] [net.minecraft.server.MinecraftServer/]: [Not Secure] <siganconsumiendo> :)
[19May2025 21:26:44.229] [Server thread/DEBUG] [de.cadentem.mimicer.Mimicer/]: Mimicer could not pass the spawn checks, target: [ServerPlayer['Akukis'/4709, l='ServerLevel[world]', x=-55.59, y=120.00, z=15.53]]
[19May2025 21:26:44.647] [Server thread/DEBUG] [de.cadentem.mimicer.Mimicer/]: Mimicer could not pass the spawn checks, target: [ServerPlayer['Akukis'/4709, l='ServerLevel[world]', x=-55.59, y=120.00, z=15.53]]
[19May2025 21:26:45.976] [Server thread/DEBUG] [de.cadentem.mimicer.Mimicer/]: Mimicer could not pass the spawn checks, target: [ServerPlayer['Akukis'/4709, l='ServerLevel[world]', x=-55.59, y=120.00, z=15.53]]
[19May2025 21:26:47.196] [Server thread/DEBUG] [de.cadentem.mimicer.Mimicer/]: Mimicer could not pass the spawn checks, target: [ServerPlayer['Akukis'/4709, l='ServerLevel[world]', x=-55.59, y=120.00, z=15.53]]
[19May2025 21:26:47.739] [Server thread/DEBUG] [de.cadentem.mimicer.Mimicer/]: Mimicer could not pass the spawn checks, target: [ServerPlayer['Akukis'/4709, l='ServerLevel[world]', x=-55.59, y=120.00, z=15.53]]
[19May2025 21:26:47.843] [Server thread/DEBUG] [de.cadentem.mimicer.Mimicer/]: Mimicer could not pass the spawn checks, target: [ServerPlayer['Akukis'/4709, l='ServerLevel[world]', x=-55.59, y=120.00, z=15.53]]
[19May2025 21:26:49.086] [Server thread/DEBUG] [de.cadentem.mimicer.Mimicer/]: Mimicer could not pass the spawn checks, target: [ServerPlayer['Akukis'/4709, l='ServerLevel[world]', x=-55.59, y=120.00, z=15.53]]
[19May2025 21:26:49.382] [Server thread/DEBUG] [de.cadentem.mimicer.Mimicer/]: Mimicer could not pass the spawn checks, target: [ServerPlayer['Akukis'/4709, l='ServerLevel[world]', x=-55.59, y=120.00, z=15.53]]
[19May2025 21:26:49.653] [Server thread/DEBUG] [de.cadentem.mimicer.Mimicer/]: Mimicer could not pass the spawn checks, target: [ServerPlayer['Akukis'/4709, l='ServerLevel[world]', x=-55.59, y=120.00, z=15.53]]
[19May2025 21:26:50.776] [Server thread/DEBUG] [de.cadentem.mimicer.Mimicer/]: Mimicer could not pass the spawn checks, target: [ServerPlayer['Akukis'/4709, l='ServerLevel[world]', x=-55.59, y=120.00, z=15.53]]
[19May2025 21:26:50.888] [Server thread/DEBUG] [de.cadentem.mimicer.Mimicer/]: Mimicer could not pass the spawn checks, target: [ServerPlayer['Akukis'/4709, l='ServerLevel[world]', x=-55.59, y=120.00, z=15.53]]
[19May2025 21:26:51.338] [Server thread/DEBUG] [de.cadentem.mimicer.Mimicer/]: Mimicer could not pass the spawn checks, target: [ServerPlayer['Akukis'/4709, l='ServerLevel[world]', x=-55.59, y=120.00, z=15.53]]
[19May2025 21:26:55.385] [Server thread/DEBUG] [de.cadentem.mimicer.Mimicer/]: Mimicer could not pass the spawn checks, target: [ServerPlayer['Akukis'/4709, l='ServerLevel[world]', x=-55.59, y=120.00, z=15.53]]
[19May2025 21:26:56.563] [Server thread/DEBUG] [de.cadentem.mimicer.Mimicer/]: Mimicer could not pass the spawn checks, target: [ServerPlayer['Akukis'/4709, l='ServerLevel[world]', x=-55.59, y=120.00, z=15.53]]
[19May2025 21:26:57.269] [Server thread/DEBUG] [de.cadentem.mimicer.Mimicer/]: Mimicer could not pass the spawn checks, target: [ServerPlayer['Akukis'/4709, l='ServerLevel[world]', x=-55.59, y=120.00, z=15.53]]
[19May2025 21:26:57.865] [Server thread/DEBUG] [de.cadentem.mimicer.Mimicer/]: Mimicer could not pass the spawn checks, target: [ServerPlayer['Akukis'/4709, l='ServerLevel[world]', x=-55.59, y=120.00, z=15.53]]
[19May2025 21:26:58.861] [Server thread/DEBUG] [de.cadentem.mimicer.Mimicer/]: Mimicer could not pass the spawn checks, target: [ServerPlayer['Akukis'/4709, l='ServerLevel[world]', x=-55.59, y=120.00, z=15.53]]
[19May2025 21:26:59.270] [Server thread/DEBUG] [de.cadentem.mimicer.Mimicer/]: Mimicer could not pass the spawn checks, target: [ServerPlayer['Akukis'/4709, l='ServerLevel[world]', x=-55.59, y=120.00, z=15.53]]
[19May2025 21:26:59.694] [Server thread/DEBUG] [de.cadentem.mimicer.Mimicer/]: Mimicer could not pass the spawn checks, target: [ServerPlayer['Akukis'/4709, l='ServerLevel[world]', x=-55.59, y=120.00, z=15.53]]
[19May2025 21:27:00.123] [Server thread/DEBUG] [de.cadentem.mimicer.Mimicer/]: Mimicer could not pass the spawn checks, target: [ServerPlayer['Akukis'/4709, l='ServerLevel[world]', x=-55.59, y=120.00, z=15.53]]
[19May2025 21:27:03.221] [Server thread/DEBUG] [de.cadentem.mimicer.Mimicer/]: Mimicer could not pass the spawn checks, target: [ServerPlayer['Akukis'/4709, l='ServerLevel[world]', x=-55.59, y=120.00, z=15.53]]
[19May2025 21:27:03.596] [Server thread/DEBUG] [de.cadentem.mimicer.Mimicer/]: Mimicer could not pass the spawn checks, target: [ServerPlayer['Akukis'/4709, l='ServerLevel[world]', x=-55.59, y=120.00, z=15.53]]
[19May2025 21:27:05.299] [Server thread/DEBUG] [de.cadentem.mimicer.Mimicer/]: Mimicer could not pass the spawn checks, target: [ServerPlayer['Akukis'/4709, l='ServerLevel[world]', x=-55.59, y=120.00, z=15.53]]
[19May2025 21:27:06.193] [Server thread/DEBUG] [de.cadentem.mimicer.Mimicer/]: Mimicer could not pass the spawn checks, target: [ServerPlayer['Akukis'/4709, l='ServerLevel[world]', x=-55.59, y=120.00, z=15.53]]
[19May2025 21:27:06.413] [Server thread/DEBUG] [de.cadentem.mimicer.Mimicer/]: Mimicer could not pass the spawn checks, target: [ServerPlayer['Akukis'/4709, l='ServerLevel[world]', x=-55.59, y=120.00, z=15.53]]
[19May2025 21:27:07.403] [Server thread/DEBUG] [de.cadentem.mimicer.Mimicer/]: Mimicer could not pass the spawn checks, target: [ServerPlayer['Akukis'/4709, l='ServerLevel[world]', x=-55.59, y=120.00, z=15.53]]
[19May2025 21:27:09.363] [Server thread/DEBUG] [de.cadentem.mimicer.Mimicer/]: Mimicer could not pass the spawn checks, target: [ServerPlayer['Akukis'/4709, l='ServerLevel[world]', x=-55.59, y=120.00, z=15.53]]
[19May2025 21:27:10.316] [Server thread/DEBUG] [de.cadentem.mimicer.Mimicer/]: Mimicer could not pass the spawn checks, target: [ServerPlayer['Akukis'/4709, l='ServerLevel[world]', x=-55.59, y=120.00, z=15.53]]
[19May2025 21:27:11.074] [Server thread/DEBUG] [de.cadentem.mimicer.Mimicer/]: Mimicer could not pass the spawn checks, target: [ServerPlayer['Akukis'/4709, l='ServerLevel[world]', x=-55.59, y=120.00, z=15.53]]
[19May2025 21:27:12.104] [Server thread/DEBUG] [de.cadentem.mimicer.Mimicer/]: Mimicer could not pass the spawn checks, target: [ServerPlayer['Akukis'/4709, l='ServerLevel[world]', x=-55.59, y=120.00, z=15.53]]
[19May2025 21:27:12.646] [Server thread/DEBUG] [de.cadentem.mimicer.Mimicer/]: Mimicer could not pass the spawn checks, target: [ServerPlayer['Akukis'/4709, l='ServerLevel[world]', x=-55.59, y=120.00, z=15.53]]
[19May2025 21:27:12.842] [Server thread/DEBUG] [de.cadentem.mimicer.Mimicer/]: Mimicer could not pass the spawn checks, target: [ServerPlayer['Akukis'/4709, l='ServerLevel[world]', x=-55.59, y=120.00, z=15.53]]
[19May2025 21:27:13.983] [Server thread/DEBUG] [de.cadentem.mimicer.Mimicer/]: Mimicer could not pass the spawn checks, target: [ServerPlayer['Akukis'/4709, l='ServerLevel[world]', x=-55.59, y=120.00, z=15.53]]
[19May2025 21:27:14.350] [Server thread/DEBUG] [de.cadentem.mimicer.Mimicer/]: Mimicer could not pass the spawn checks, target: [ServerPlayer['Akukis'/4709, l='ServerLevel[world]', x=-55.59, y=120.00, z=15.53]]
[19May2025 21:27:14.704] [Server thread/DEBUG] [de.cadentem.mimicer.Mimicer/]: Mimicer could not pass the spawn checks, target: [ServerPlayer['Akukis'/4709, l='ServerLevel[world]', x=-55.59, y=120.00, z=15.53]]
[19May2025 21:27:14.796] [Server thread/DEBUG] [de.cadentem.mimicer.Mimicer/]: Mimicer could not pass the spawn checks, target: [ServerPlayer['Akukis'/4709, l='ServerLevel[world]', x=-55.59, y=120.00, z=15.53]]
[19May2025 21:27:17.024] [Server thread/DEBUG] [de.cadentem.mimicer.Mimicer/]: Mimicer could not pass the spawn checks, target: [ServerPlayer['Akukis'/4709, l='ServerLevel[world]', x=-55.59, y=120.00, z=15.53]]
[19May2025 21:27:22.579] [Server thread/DEBUG] [de.cadentem.mimicer.Mimicer/]: Mimicer could not pass the spawn checks, target: [ServerPlayer['Akukis'/4709, l='ServerLevel[world]', x=-55.59, y=120.00, z=15.53]]
[19May2025 21:27:23.280] [Server thread/DEBUG] [de.cadentem.mimicer.Mimicer/]: Mimicer could not pass the spawn checks, target: [ServerPlayer['Akukis'/4709, l='ServerLevel[world]', x=-55.59, y=120.00, z=15.53]]
[19May2025 21:27:24.546] [Server thread/DEBUG] [de.cadentem.mimicer.Mimicer/]: Mimicer could not pass the spawn checks, target: [ServerPlayer['Akukis'/4709, l='ServerLevel[world]', x=-55.59, y=120.00, z=15.53]]
[19May2025 21:27:24.580] [Server thread/DEBUG] [de.cadentem.mimicer.Mimicer/]: Mimicer could not pass the spawn checks, target: [ServerPlayer['Akukis'/4709, l='ServerLevel[world]', x=-55.59, y=120.00, z=15.53]]
[19May2025 21:27:24.671] [Server thread/DEBUG] [de.cadentem.mimicer.Mimicer/]: Mimicer could not pass the spawn checks, target: [ServerPlayer['Akukis'/4709, l='ServerLevel[world]', x=-55.59, y=120.00, z=15.53]]
[19May2025 21:27:25.158] [Server thread/DEBUG] [de.cadentem.mimicer.Mimicer/]: Mimicer could not pass the spawn checks, target: [ServerPlayer['Akukis'/4709, l='ServerLevel[world]', x=-55.59, y=120.00, z=15.53]]
[19May2025 21:27:25.280] [Server thread/DEBUG] [de.cadentem.mimicer.Mimicer/]: Mimicer could not pass the spawn checks, target: [ServerPlayer['Akukis'/4709, l='ServerLevel[world]', x=-55.59, y=120.00, z=15.53]]
[19May2025 21:27:27.455] [Server thread/DEBUG] [de.cadentem.mimicer.Mimicer/]: Mimicer could not pass the spawn checks, target: [ServerPlayer['Akukis'/4709, l='ServerLevel[world]', x=-55.59, y=120.00, z=15.53]]
[19May2025 21:27:30.009] [Server thread/DEBUG] [de.cadentem.mimicer.Mimicer/]: Mimicer could not pass the spawn checks, target: [ServerPlayer['Akukis'/4709, l='ServerLevel[world]', x=-55.59, y=120.00, z=15.53]]
[19May2025 21:27:32.502] [Server thread/DEBUG] [de.cadentem.mimicer.Mimicer/]: Mimicer could not pass the spawn checks, target: [ServerPlayer['Akukis'/4709, l='ServerLevel[world]', x=-55.59, y=120.00, z=15.53]]
[19May2025 21:27:32.579] [Server thread/DEBUG] [de.cadentem.mimicer.Mimicer/]: Mimicer could not pass the spawn checks, target: [ServerPlayer['Akukis'/4709, l='ServerLevel[world]', x=-55.59, y=120.00, z=15.53]]
[19May2025 21:27:36.930] [Server thread/DEBUG] [de.cadentem.mimicer.Mimicer/]: Mimicer could not pass the spawn checks, target: [ServerPlayer['Akukis'/4709, l='ServerLevel[world]', x=-55.59, y=120.00, z=15.53]]
[19May2025 21:27:38.425] [Server thread/DEBUG] [de.cadentem.mimicer.Mimicer/]: Mimicer could not pass the spawn checks, target: [ServerPlayer['Akukis'/4709, l='ServerLevel[world]', x=-55.59, y=120.00, z=15.53]]
[19May2025 21:27:39.482] [Server thread/DEBUG] [de.cadentem.mimicer.Mimicer/]: Mimicer could not pass the spawn checks, target: [ServerPlayer['Akukis'/4709, l='ServerLevel[world]', x=-55.59, y=120.00, z=15.53]]
[19May2025 21:27:41.878] [Server thread/DEBUG] [de.cadentem.mimicer.Mimicer/]: Mimicer could not pass the spawn checks, target: [ServerPlayer['Akukis'/4709, l='ServerLevel[world]', x=-55.59, y=120.00, z=15.53]]
[19May2025 21:27:42.542] [Server thread/DEBUG] [de.cadentem.mimicer.Mimicer/]: Mimicer could not pass the spawn checks, target: [ServerPlayer['Akukis'/4709, l='ServerLevel[world]', x=-55.59, y=120.00, z=15.53]]
[19May2025 21:27:43.795] [Server thread/DEBUG] [de.cadentem.mimicer.Mimicer/]: Mimicer could not pass the spawn checks, target: [ServerPlayer['Akukis'/4709, l='ServerLevel[world]', x=-55.59, y=120.00, z=15.53]]
[19May2025 21:27:46.915] [Server thread/DEBUG] [de.cadentem.mimicer.Mimicer/]: Mimicer could not pass the spawn checks, target: [ServerPlayer['Akukis'/4709, l='ServerLevel[world]', x=-55.59, y=120.00, z=15.53]]
[19May2025 21:27:48.046] [Server thread/DEBUG] [de.cadentem.mimicer.Mimicer/]: Mimicer could not pass the spawn checks, target: [ServerPlayer['Akukis'/4709, l='ServerLevel[world]', x=-55.59, y=120.00, z=15.53]]
[19May2025 21:27:50.397] [Server thread/DEBUG] [de.cadentem.mimicer.Mimicer/]: Mimicer could not pass the spawn checks, target: [ServerPlayer['Akukis'/4709, l='ServerLevel[world]', x=-55.59, y=120.00, z=15.53]]
[19May2025 21:27:50.851] [Server thread/DEBUG] [de.cadentem.mimicer.Mimicer/]: Mimicer could not pass the spawn checks, target: [ServerPlayer['Akukis'/4709, l='ServerLevel[world]', x=-55.59, y=120.00, z=15.53]]
[19May2025 21:27:51.037] [Server thread/DEBUG] [de.cadentem.mimicer.Mimicer/]: Mimicer could not pass the spawn checks, target: [ServerPlayer['Akukis'/4709, l='ServerLevel[world]', x=-55.59, y=120.00, z=15.53]]
[19May2025 21:27:51.595] [Server thread/DEBUG] [de.cadentem.mimicer.Mimicer/]: Mimicer could not pass the spawn checks, target: [ServerPlayer['Akukis'/4709, l='ServerLevel[world]', x=-55.59, y=120.00, z=15.53]]
[19May2025 21:27:52.536] [Server thread/DEBUG] [de.cadentem.mimicer.Mimicer/]: Mimicer could not pass the spawn checks, target: [ServerPlayer['Akukis'/4709, l='ServerLevel[world]', x=-55.59, y=120.00, z=15.53]]
[19May2025 21:27:53.036] [Server thread/DEBUG] [de.cadentem.mimicer.Mimicer/]: Mimicer could not pass the spawn checks, target: [ServerPlayer['Akukis'/4709, l='ServerLevel[world]', x=-55.59, y=120.00, z=15.53]]
[19May2025 21:27:53.233] [Server thread/DEBUG] [de.cadentem.mimicer.Mimicer/]: Mimicer could not pass the spawn checks, target: [ServerPlayer['Akukis'/4709, l='ServerLevel[world]', x=-55.59, y=120.00, z=15.53]]
[19May2025 21:27:53.539] [Server thread/DEBUG] [de.cadentem.mimicer.Mimicer/]: Mimicer could not pass the spawn checks, target: [ServerPlayer['Akukis'/4709, l='ServerLevel[world]', x=-55.59, y=120.00, z=15.53]]
[19May2025 21:27:54.950] [Server thread/DEBUG] [de.cadentem.mimicer.Mimicer/]: Mimicer could not pass the spawn checks, target: [ServerPlayer['Akukis'/4709, l='ServerLevel[world]', x=-55.59, y=120.00, z=15.53]]
[19May2025 21:27:55.728] [Server thread/DEBUG] [de.cadentem.mimicer.Mimicer/]: Mimicer could not pass the spawn checks, target: [ServerPlayer['Akukis'/4709, l='ServerLevel[world]', x=-55.59, y=120.00, z=15.53]]
[19May2025 21:27:56.730] [Server thread/DEBUG] [de.cadentem.mimicer.Mimicer/]: Mimicer could not pass the spawn checks, target: [ServerPlayer['Akukis'/4709, l='ServerLevel[world]', x=-55.59, y=120.00, z=15.53]]
[19May2025 21:27:57.401] [Server thread/DEBUG] [de.cadentem.mimicer.Mimicer/]: Mimicer could not pass the spawn checks, target: [ServerPlayer['Akukis'/4709, l='ServerLevel[world]', x=-55.59, y=120.00, z=15.53]]
[19May2025 21:27:58.478] [Server thread/DEBUG] [de.cadentem.mimicer.Mimicer/]: Mimicer could not pass the spawn checks, target: [ServerPlayer['Akukis'/4709, l='ServerLevel[world]', x=-55.59, y=120.00, z=15.53]]
[19May2025 21:27:59.087] [Server thread/DEBUG] [de.cadentem.mimicer.Mimicer/]: Mimicer could not pass the spawn checks, target: [ServerPlayer['Akukis'/4709, l='ServerLevel[world]', x=-55.59, y=120.00, z=15.53]]
[19May2025 21:27:59.198] [Server thread/DEBUG] [de.cadentem.mimicer.Mimicer/]: Mimicer could not pass the spawn checks, target: [ServerPlayer['Akukis'/4709, l='ServerLevel[world]', x=-55.59, y=120.00, z=15.53]]
[19May2025 21:28:01.544] [Server thread/DEBUG] [de.cadentem.mimicer.Mimicer/]: Mimicer could not pass the spawn checks, target: [ServerPlayer['Akukis'/4709, l='ServerLevel[world]', x=-55.59, y=120.00, z=15.53]]
[19May2025 21:28:01.715] [Server thread/DEBUG] [de.cadentem.mimicer.Mimicer/]: Mimicer could not pass the spawn checks, target: [ServerPlayer['Akukis'/4709, l='ServerLevel[world]', x=-55.59, y=120.00, z=15.53]]
[19May2025 21:28:02.245] [Server thread/DEBUG] [de.cadentem.mimicer.Mimicer/]: Mimicer could not pass the spawn checks, target: [ServerPlayer['Akukis'/4709, l='ServerLevel[world]', x=-55.59, y=120.00, z=15.53]]
[19May2025 21:28:03.139] [Server thread/DEBUG] [de.cadentem.mimicer.Mimicer/]: Mimicer could not pass the spawn checks, target: [ServerPlayer['Akukis'/4709, l='ServerLevel[world]', x=-55.59, y=120.00, z=15.53]]
[19May2025 21:28:03.915] [Server thread/DEBUG] [de.cadentem.mimicer.Mimicer/]: Mimicer could not pass the spawn checks, target: [ServerPlayer['Akukis'/4709, l='ServerLevel[world]', x=-55.59, y=120.00, z=15.53]]
[19May2025 21:28:04.842] [Server thread/DEBUG] [de.cadentem.mimicer.Mimicer/]: Mimicer could not pass the spawn checks, target: [ServerPlayer['Akukis'/4709, l='ServerLevel[world]', x=-55.59, y=120.00, z=15.53]]
[19May2025 21:28:05.170] [Server thread/DEBUG] [de.cadentem.mimicer.Mimicer/]: Mimicer could not pass the spawn checks, target: [ServerPlayer['Akukis'/4709, l='ServerLevel[world]', x=-55.59, y=120.00, z=15.53]]
[19May2025 21:28:06.073] [Server thread/DEBUG] [de.cadentem.mimicer.Mimicer/]: Mimicer could not pass the spawn checks, target: [ServerPlayer['Akukis'/4709, l='ServerLevel[world]', x=-55.59, y=120.00, z=15.53]]
[19May2025 21:28:06.334] [Server thread/DEBUG] [de.cadentem.mimicer.Mimicer/]: Mimicer could not pass the spawn checks, target: [ServerPlayer['Akukis'/4709, l='ServerLevel[world]', x=-55.59, y=120.00, z=15.53]]
[19May2025 21:28:06.804] [Server thread/DEBUG] [de.cadentem.mimicer.Mimicer/]: Mimicer could not pass the spawn checks, target: [ServerPlayer['Akukis'/4709, l='ServerLevel[world]', x=-55.59, y=120.00, z=15.53]]
[19May2025 21:28:09.335] [Server thread/DEBUG] [de.cadentem.mimicer.Mimicer/]: Mimicer could not pass the spawn checks, target: [ServerPlayer['Akukis'/4709, l='ServerLevel[world]', x=-55.59, y=120.00, z=15.53]]
[19May2025 21:28:09.516] [Server thread/DEBUG] [de.cadentem.mimicer.Mimicer/]: Mimicer could not pass the spawn checks, target: [ServerPlayer['Akukis'/4709, l='ServerLevel[world]', x=-55.59, y=120.00, z=15.53]]
[19May2025 21:28:10.541] [Server thread/DEBUG] [de.cadentem.mimicer.Mimicer/]: Mimicer could not pass the spawn checks, target: [ServerPlayer['Akukis'/4709, l='ServerLevel[world]', x=-55.59, y=120.00, z=15.53]]
[19May2025 21:28:11.640] [Server thread/DEBUG] [de.cadentem.mimicer.Mimicer/]: Mimicer could not pass the spawn checks, target: [ServerPlayer['Akukis'/4709, l='ServerLevel[world]', x=-55.59, y=120.00, z=15.53]]
[19May2025 21:28:12.522] [Server thread/DEBUG] [de.cadentem.mimicer.Mimicer/]: Mimicer could not pass the spawn checks, target: [ServerPlayer['Akukis'/4709, l='ServerLevel[world]', x=-55.59, y=120.00, z=15.53]]
[19May2025 21:28:14.876] [Server thread/DEBUG] [de.cadentem.mimicer.Mimicer/]: Mimicer could not pass the spawn checks, target: [ServerPlayer['Akukis'/4709, l='ServerLevel[world]', x=-55.59, y=120.00, z=15.53]]
[19May2025 21:28:15.489] [Server thread/DEBUG] [de.cadentem.mimicer.Mimicer/]: Mimicer could not pass the spawn checks, target: [ServerPlayer['Akukis'/4709, l='ServerLevel[world]', x=-55.59, y=120.00, z=15.53]]
[19May2025 21:28:15.632] [Server thread/DEBUG] [de.cadentem.mimicer.Mimicer/]: Mimicer could not pass the spawn checks, target: [ServerPlayer['Akukis'/4709, l='ServerLevel[world]', x=-55.59, y=120.00, z=15.53]]
[19May2025 21:28:16.021] [Server thread/DEBUG] [de.cadentem.mimicer.Mimicer/]: Mimicer could not pass the spawn checks, target: [ServerPlayer['Akukis'/4709, l='ServerLevel[world]', x=-55.59, y=120.00, z=15.53]]
[19May2025 21:28:16.300] [Server thread/DEBUG] [de.cadentem.mimicer.Mimicer/]: Mimicer could not pass the spawn checks, target: [ServerPlayer['Akukis'/4709, l='ServerLevel[world]', x=-55.59, y=120.00, z=15.53]]
[19May2025 21:28:18.086] [Server thread/DEBUG] [de.cadentem.mimicer.Mimicer/]: Mimicer could not pass the spawn checks, target: [ServerPlayer['Akukis'/4709, l='ServerLevel[world]', x=-55.59, y=120.00, z=15.53]]
[19May2025 21:28:18.163] [Server thread/DEBUG] [de.cadentem.mimicer.Mimicer/]: Mimicer could not pass the spawn checks, target: [ServerPlayer['Akukis'/4709, l='ServerLevel[world]', x=-55.59, y=120.00, z=15.53]]
[19May2025 21:28:18.538] [Server thread/DEBUG] [de.cadentem.mimicer.Mimicer/]: Mimicer could not pass the spawn checks, target: [ServerPlayer['Akukis'/4709, l='ServerLevel[world]', x=-55.59, y=120.00, z=15.53]]
[19May2025 21:28:19.392] [Server thread/DEBUG] [de.cadentem.mimicer.Mimicer/]: Mimicer could not pass the spawn checks, target: [ServerPlayer['Akukis'/4709, l='ServerLevel[world]', x=-55.59, y=120.00, z=15.53]]
[19May2025 21:28:20.279] [Server thread/DEBUG] [de.cadentem.mimicer.Mimicer/]: Mimicer could not pass the spawn checks, target: [ServerPlayer['Akukis'/4709, l='ServerLevel[world]', x=-55.59, y=120.00, z=15.53]]
[19May2025 21:28:21.528] [Server thread/DEBUG] [de.cadentem.mimicer.Mimicer/]: Mimicer could not pass the spawn checks, target: [ServerPlayer['Akukis'/4709, l='ServerLevel[world]', x=-55.59, y=120.00, z=15.53]]
[19May2025 21:28:22.241] [Server thread/DEBUG] [de.cadentem.mimicer.Mimicer/]: Mimicer could not pass the spawn checks, target: [ServerPlayer['Akukis'/4709, l='ServerLevel[world]', x=-55.59, y=120.00, z=15.53]]
[19May2025 21:28:22.282] [Server thread/DEBUG] [de.cadentem.mimicer.Mimicer/]: Mimicer could not pass the spawn checks, target: [ServerPlayer['Akukis'/4709, l='ServerLevel[world]', x=-55.59, y=120.00, z=15.53]]
[19May2025 21:28:24.267] [Server thread/DEBUG] [de.cadentem.mimicer.Mimicer/]: Mimicer could not pass the spawn checks, target: [ServerPlayer['Akukis'/4709, l='ServerLevel[world]', x=-55.59, y=120.00, z=15.53]]
[19May2025 21:28:27.914] [Server thread/DEBUG] [de.cadentem.mimicer.Mimicer/]: Mimicer could not pass the spawn checks, target: [ServerPlayer['Akukis'/4709, l='ServerLevel[world]', x=-55.59, y=120.00, z=15.53]]
[19May2025 21:28:29.337] [Server thread/DEBUG] [de.cadentem.mimicer.Mimicer/]: Mimicer could not pass the spawn checks, target: [ServerPlayer['Akukis'/4709, l='ServerLevel[world]', x=-55.59, y=120.00, z=15.53]]
[19May2025 21:28:30.081] [Server thread/DEBUG] [de.cadentem.mimicer.Mimicer/]: Mimicer could not pass the spawn checks, target: [ServerPlayer['Akukis'/4709, l='ServerLevel[world]', x=-55.59, y=120.00, z=15.53]]
[19May2025 21:28:31.590] [Server thread/DEBUG] [de.cadentem.mimicer.Mimicer/]: Mimicer could not pass the spawn checks, target: [ServerPlayer['Akukis'/4709, l='ServerLevel[world]', x=-55.59, y=120.00, z=15.53]]
[19May2025 21:28:32.738] [Server thread/DEBUG] [de.cadentem.mimicer.Mimicer/]: Mimicer could not pass the spawn checks, target: [ServerPlayer['Akukis'/4709, l='ServerLevel[world]', x=-55.59, y=120.00, z=15.53]]
[19May2025 21:28:33.344] [Server thread/DEBUG] [de.cadentem.mimicer.Mimicer/]: Mimicer could not pass the spawn checks, target: [ServerPlayer['Akukis'/4709, l='ServerLevel[world]', x=-55.59, y=120.00, z=15.53]]
[19May2025 21:28:33.740] [Server thread/INFO] [net.minecraft.server.MinecraftServer/]: [Not Secure] <siganconsumiendo> bro un rato voy a comer
[19May2025 21:28:34.001] [Server thread/DEBUG] [de.cadentem.mimicer.Mimicer/]: Mimicer could not pass the spawn checks, target: [ServerPlayer['Akukis'/4709, l='ServerLevel[world]', x=-55.59, y=120.00, z=15.53]]
[19May2025 21:28:34.560] [Server thread/DEBUG] [de.cadentem.mimicer.Mimicer/]: Mimicer could not pass the spawn checks, target: [ServerPlayer['Akukis'/4709, l='ServerLevel[world]', x=-55.59, y=120.00, z=15.53]]
[19May2025 21:28:35.096] [Server thread/DEBUG] [de.cadentem.mimicer.Mimicer/]: Mimicer could not pass the spawn checks, target: [ServerPlayer['Akukis'/4709, l='ServerLevel[world]', x=-55.59, y=120.00, z=15.53]]
[19May2025 21:28:36.765] [Server thread/DEBUG] [de.cadentem.mimicer.Mimicer/]: Mimicer could not pass the spawn checks, target: [ServerPlayer['Akukis'/4709, l='ServerLevel[world]', x=-55.59, y=120.00, z=15.53]]
[19May2025 21:28:38.514] [Server thread/DEBUG] [de.cadentem.mimicer.Mimicer/]: Mimicer could not pass the spawn checks, target: [ServerPlayer['Akukis'/4709, l='ServerLevel[world]', x=-55.59, y=120.00, z=15.53]]
[19May2025 21:28:38.759] [Server thread/DEBUG] [de.cadentem.mimicer.Mimicer/]: Mimicer could not pass the spawn checks, target: [ServerPlayer['Akukis'/4709, l='ServerLevel[world]', x=-55.59, y=120.00, z=15.53]]
[19May2025 21:28:39.506] [Server thread/DEBUG] [de.cadentem.mimicer.Mimicer/]: Mimicer could not pass the spawn checks, target: [ServerPlayer['Akukis'/4709, l='ServerLevel[world]', x=-55.59, y=120.00, z=15.53]]
[19May2025 21:28:40.413] [Server thread/DEBUG] [de.cadentem.mimicer.Mimicer/]: Mimicer could not pass the spawn checks, target: [ServerPlayer['Akukis'/4709, l='ServerLevel[world]', x=-55.59, y=120.00, z=15.53]]
[19May2025 21:28:41.153] [Server thread/DEBUG] [de.cadentem.mimicer.Mimicer/]: Mimicer could not pass the spawn checks, target: [ServerPlayer['Akukis'/4709, l='ServerLevel[world]', x=-55.59, y=120.00, z=15.53]]
[19May2025 21:28:43.036] [Server thread/DEBUG] [de.cadentem.mimicer.Mimicer/]: Mimicer could not pass the spawn checks, target: [ServerPlayer['Akukis'/4709, l='ServerLevel[world]', x=-55.59, y=120.00, z=15.53]]
[19May2025 21:28:43.146] [Server thread/DEBUG] [de.cadentem.mimicer.Mimicer/]: Mimicer could not pass the spawn checks, target: [ServerPlayer['Akukis'/4709, l='ServerLevel[world]', x=-55.59, y=120.00, z=15.53]]
[19May2025 21:28:43.858] [Server thread/DEBUG] [de.cadentem.mimicer.Mimicer/]: Mimicer could not pass the spawn checks, target: [ServerPlayer['Akukis'/4709, l='ServerLevel[world]', x=-55.59, y=120.00, z=15.53]]
[19May2025 21:28:44.510] [Server thread/DEBUG] [de.cadentem.mimicer.Mimicer/]: Mimicer could not pass the spawn checks, target: [ServerPlayer['Akukis'/4709, l='ServerLevel[world]', x=-55.59, y=120.00, z=15.53]]
[19May2025 21:28:44.659] [Server thread/DEBUG] [de.cadentem.mimicer.Mimicer/]: Mimicer could not pass the spawn checks, target: [ServerPlayer['Akukis'/4709, l='ServerLevel[world]', x=-55.59, y=120.00, z=15.53]]
[19May2025 21:28:45.534] [Server thread/DEBUG] [de.cadentem.mimicer.Mimicer/]: Mimicer could not pass the spawn checks, target: [ServerPlayer['Akukis'/4709, l='ServerLevel[world]', x=-55.59, y=120.00, z=15.53]]
[19May2025 21:28:47.654] [Server thread/DEBUG] [de.cadentem.mimicer.Mimicer/]: Mimicer could not pass the spawn checks, target: [ServerPlayer['Akukis'/4709, l='ServerLevel[world]', x=-55.59, y=120.00, z=15.53]]
[19May2025 21:28:47.925] [Server thread/DEBUG] [de.cadentem.mimicer.Mimicer/]: Mimicer could not pass the spawn checks, target: [ServerPlayer['Akukis'/4709, l='ServerLevel[world]', x=-55.59, y=120.00, z=15.53]]
[19May2025 21:28:48.021] [Server thread/DEBUG] [de.cadentem.mimicer.Mimicer/]: Mimicer could not pass the spawn checks, target: [ServerPlayer['Akukis'/4709, l='ServerLevel[world]', x=-55.59, y=120.00, z=15.53]]
[19May2025 21:28:48.264] [Server thread/DEBUG] [de.cadentem.mimicer.Mimicer/]: Mimicer could not pass the spawn checks, target: [ServerPlayer['Akukis'/4709, l='ServerLevel[world]', x=-55.59, y=120.00, z=15.53]]
[19May2025 21:28:48.363] [Server thread/DEBUG] [de.cadentem.mimicer.Mimicer/]: Mimicer could not pass the spawn checks, target: [ServerPlayer['Akukis'/4709, l='ServerLevel[world]', x=-55.59, y=120.00, z=15.53]]
[19May2025 21:28:48.557] [Server thread/DEBUG] [de.cadentem.mimicer.Mimicer/]: Mimicer could not pass the spawn checks, target: [ServerPlayer['Akukis'/4709, l='ServerLevel[world]', x=-55.59, y=120.00, z=15.53]]
[19May2025 21:28:52.437] [Server thread/DEBUG] [de.cadentem.mimicer.Mimicer/]: Mimicer could not pass the spawn checks, target: [ServerPlayer['Akukis'/4709, l='ServerLevel[world]', x=-55.59, y=120.00, z=15.53]]
[19May2025 21:28:52.738] [Server thread/DEBUG] [de.cadentem.mimicer.Mimicer/]: Mimicer could not pass the spawn checks, target: [ServerPlayer['Akukis'/4709, l='ServerLevel[world]', x=-55.59, y=120.00, z=15.53]]
[19May2025 21:28:55.030] [Server thread/DEBUG] [de.cadentem.mimicer.Mimicer/]: Mimicer could not pass the spawn checks, target: [ServerPlayer['Akukis'/4709, l='ServerLevel[world]', x=-55.59, y=120.00, z=15.53]]
[19May2025 21:28:56.158] [Server thread/DEBUG] [de.cadentem.mimicer.Mimicer/]: Mimicer could not pass the spawn checks, target: [ServerPlayer['Akukis'/4709, l='ServerLevel[world]', x=-55.59, y=120.00, z=15.53]]
[19May2025 21:28:56.599] [Server thread/DEBUG] [de.cadentem.mimicer.Mimicer/]: Mimicer could not pass the spawn checks, target: [ServerPlayer['Akukis'/4709, l='ServerLevel[world]', x=-55.59, y=120.00, z=15.53]]
[19May2025 21:28:56.994] [Server thread/DEBUG] [de.cadentem.mimicer.Mimicer/]: Mimicer could not pass the spawn checks, target: [ServerPlayer['Akukis'/4709, l='ServerLevel[world]', x=-55.59, y=120.00, z=15.53]]
[19May2025 21:28:59.193] [Server thread/DEBUG] [de.cadentem.mimicer.Mimicer/]: Mimicer could not pass the spawn checks, target: [ServerPlayer['Akukis'/4709, l='ServerLevel[world]', x=-55.59, y=120.00, z=15.53]]
[19May2025 21:28:59.721] [Server thread/DEBUG] [de.cadentem.mimicer.Mimicer/]: Mimicer could not pass the spawn checks, target: [ServerPlayer['Akukis'/4709, l='ServerLevel[world]', x=-55.59, y=120.00, z=15.53]]
[19May2025 21:29:00.844] [Server thread/DEBUG] [de.cadentem.mimicer.Mimicer/]: Mimicer could not pass the spawn checks, target: [ServerPlayer['Akukis'/4709, l='ServerLevel[world]', x=-55.59, y=120.00, z=15.53]]
[19May2025 21:29:02.794] [Server thread/DEBUG] [de.cadentem.mimicer.Mimicer/]: Mimicer could not pass the spawn checks, target: [ServerPlayer['Akukis'/4709, l='ServerLevel[world]', x=-55.59, y=120.00, z=15.53]]
[19May2025 21:29:03.613] [Server thread/DEBUG] [de.cadentem.mimicer.Mimicer/]: Mimicer could not pass the spawn checks, target: [ServerPlayer['Akukis'/4709, l='ServerLevel[world]', x=-55.59, y=120.00, z=15.53]]
[19May2025 21:29:03.683] [Server thread/DEBUG] [de.cadentem.mimicer.Mimicer/]: Mimicer could not pass the spawn checks, target: [ServerPlayer['Akukis'/4709, l='ServerLevel[world]', x=-55.59, y=120.00, z=15.53]]
[19May2025 21:29:04.718] [Server thread/DEBUG] [de.cadentem.mimicer.Mimicer/]: Mimicer could not pass the spawn checks, target: [ServerPlayer['Akukis'/4709, l='ServerLevel[world]', x=-55.59, y=120.00, z=15.53]]
[19May2025 21:29:05.406] [Server thread/DEBUG] [de.cadentem.mimicer.Mimicer/]: Mimicer could not pass the spawn checks, target: [ServerPlayer['Akukis'/4709, l='ServerLevel[world]', x=-55.59, y=120.00, z=15.53]]
[19May2025 21:29:06.723] [Server thread/DEBUG] [de.cadentem.mimicer.Mimicer/]: Mimicer could not pass the spawn checks, target: [ServerPlayer['Akukis'/4709, l='ServerLevel[world]', x=-55.59, y=120.00, z=15.53]]
[19May2025 21:29:06.996] [Server thread/DEBUG] [de.cadentem.mimicer.Mimicer/]: Mimicer could not pass the spawn checks, target: [ServerPlayer['Akukis'/4709, l='ServerLevel[world]', x=-55.59, y=120.00, z=15.53]]
[19May2025 21:29:08.149] [Server thread/DEBUG] [de.cadentem.mimicer.Mimicer/]: Mimicer could not pass the spawn checks, target: [ServerPlayer['Akukis'/4709, l='ServerLevel[world]', x=-55.59, y=120.00, z=15.53]]
[19May2025 21:29:10.756] [Server thread/DEBUG] [de.cadentem.mimicer.Mimicer/]: Mimicer could not pass the spawn checks, target: [ServerPlayer['Akukis'/4709, l='ServerLevel[world]', x=-55.59, y=120.00, z=15.53]]
[19May2025 21:29:11.768] [Server thread/DEBUG] [de.cadentem.mimicer.Mimicer/]: Mimicer could not pass the spawn checks, target: [ServerPlayer['Akukis'/4709, l='ServerLevel[world]', x=-55.59, y=120.00, z=15.53]]
[19May2025 21:29:11.880] [Server thread/DEBUG] [de.cadentem.mimicer.Mimicer/]: Mimicer could not pass the spawn checks, target: [ServerPlayer['Akukis'/4709, l='ServerLevel[world]', x=-55.59, y=120.00, z=15.53]]
[19May2025 21:29:12.285] [Server thread/DEBUG] [de.cadentem.mimicer.Mimicer/]: Mimicer could not pass the spawn checks, target: [ServerPlayer['Akukis'/4709, l='ServerLevel[world]', x=-55.59, y=120.00, z=15.53]]
[19May2025 21:29:12.757] [Server thread/DEBUG] [de.cadentem.mimicer.Mimicer/]: Mimicer could not pass the spawn checks, target: [ServerPlayer['Akukis'/4709, l='ServerLevel[world]', x=-55.59, y=120.00, z=15.53]]
[19May2025 21:29:13.009] [Server thread/DEBUG] [de.cadentem.mimicer.Mimicer/]: Mimicer could not pass the spawn checks, target: [ServerPlayer['Akukis'/4709, l='ServerLevel[world]', x=-55.59, y=120.00, z=15.53]]
[19May2025 21:29:13.463] [Server thread/DEBUG] [de.cadentem.mimicer.Mimicer/]: Mimicer could not pass the spawn checks, target: [ServerPlayer['Akukis'/4709, l='ServerLevel[world]', x=-55.59, y=120.00, z=15.53]]
[19May2025 21:29:14.751] [Server thread/DEBUG] [de.cadentem.mimicer.Mimicer/]: Mimicer could not pass the spawn checks, target: [ServerPlayer['Akukis'/4709, l='ServerLevel[world]', x=-55.59, y=120.00, z=15.53]]
[19May2025 21:29:15.727] [Server thread/DEBUG] [de.cadentem.mimicer.Mimicer/]: Mimicer could not pass the spawn checks, target: [ServerPlayer['Akukis'/4709, l='ServerLevel[world]', x=-55.59, y=120.00, z=15.53]]
[19May2025 21:29:16.300] [Server thread/DEBUG] [de.cadentem.mimicer.Mimicer/]: Mimicer could not pass the spawn checks, target: [ServerPlayer['Akukis'/4709, l='ServerLevel[world]', x=-55.59, y=120.00, z=15.53]]
[19May2025 21:29:16.502] [Server thread/DEBUG] [de.cadentem.mimicer.Mimicer/]: Mimicer could not pass the spawn checks, target: [ServerPlayer['Akukis'/4709, l='ServerLevel[world]', x=-55.59, y=120.00, z=15.53]]
[19May2025 21:29:16.638] [Server thread/DEBUG] [de.cadentem.mimicer.Mimicer/]: Mimicer could not pass the spawn checks, target: [ServerPlayer['Akukis'/4709, l='ServerLevel[world]', x=-55.59, y=120.00, z=15.53]]
[19May2025 21:29:18.007] [Server thread/DEBUG] [de.cadentem.mimicer.Mimicer/]: Mimicer could not pass the spawn checks, target: [ServerPlayer['Akukis'/4709, l='ServerLevel[world]', x=-55.59, y=120.00, z=15.53]]
[19May2025 21:29:19.165] [Server thread/DEBUG] [de.cadentem.mimicer.Mimicer/]: Mimicer could not pass the spawn checks, target: [ServerPlayer['Akukis'/4709, l='ServerLevel[world]', x=-55.59, y=120.00, z=15.53]]
[19May2025 21:29:19.690] [Server thread/DEBUG] [de.cadentem.mimicer.Mimicer/]: Mimicer could not pass the spawn checks, target: [ServerPlayer['Akukis'/4709, l='ServerLevel[world]', x=-55.59, y=120.00, z=15.53]]
[19May2025 21:29:19.859] [Server thread/DEBUG] [de.cadentem.mimicer.Mimicer/]: Mimicer could not pass the spawn checks, target: [ServerPlayer['Akukis'/4709, l='ServerLevel[world]', x=-55.59, y=120.00, z=15.53]]
[19May2025 21:29:23.920] [Server thread/DEBUG] [de.cadentem.mimicer.Mimicer/]: Mimicer could not pass the spawn checks, target: [ServerPlayer['Akukis'/4709, l='ServerLevel[world]', x=-55.59, y=120.00, z=15.53]]
[19May2025 21:29:59.909] [Server thread/DEBUG] [net.minecraftforge.common.ForgeHooks/WP]: Gathering id map for writing to world save world
[19May2025 21:29:59.915] [Server thread/DEBUG] [net.minecraftforge.common.ForgeHooks/WP]: ID Map collection complete world
[19May2025 21:30:01.887] [Server thread/INFO] [net.minecraft.server.MinecraftServer/]: [Akukis: Set own game mode to Spectator Mode]
[19May2025 21:32:21.795] [Server thread/INFO] [net.minecraft.server.MinecraftServer/]: [Akukis: Set own game mode to Survival Mode]
[19May2025 21:33:08.501] [Server thread/INFO] [net.minecraft.server.MinecraftServer/]: Akukis was slain by Zombie
[19May2025 21:33:21.375] [Server thread/INFO] [net.minecraft.server.MinecraftServer/]: [Akukis: Set own game mode to Spectator Mode]
[19May2025 21:33:36.796] [Server thread/INFO] [net.minecraft.server.MinecraftServer/]: [Akukis: Set own game mode to Survival Mode]
